	Pāli Root	Grp	Root Meaning	Family
0	√acc	1	shine, praise	√acc
1	√acc	8	worship	√acc
2	√ad	1	eat	√ad
3	√add	8	afflict	√add
4	√agg	1	move crookedly	√agg
5	√aggh	1	be worth	√aggh
6	√ah	1	speak	√ah
7	√aj	1	go, drive	pa √aj
8	√aj	1	go, drive	saṃ √aj
9	√aj	1	go, drive	√aj
10	√akkh	1	see	pati √akkh
11	√akkh	1	see	√akkh
12	√an	1	breath, blow	apa √an
13	√an	1	breath, blow	pa √an
14	√an	1	breath, blow	pati √an
15	√an	1	breath, blow	ud √an
16	√an	1	breath, blow	vi pati √an
17	√an	1	breath, blow	√an
18	√ap	4	reach, attain	adhi ā pa √ap
19	√ap	4	reach, attain	anu pa √ap
20	√ap	4	reach, attain	pa √ap
21	√ap	4	reach, attain	pari ā √ap
22	√ap	4	reach, attain	pari √ap
23	√ap	4	reach, attain	saṃ pa √ap
24	√ap	4	reach, attain	saṃ √ap
25	√ap	4	reach, attain	√ap
26	√ar	1	move, attain	ati √ar
27	√ar	1	move, attain	saṃ √ar
28	√ar	1	move, attain	ud √ar
29	√ar	1	move, attain	vi √ar
30	√ar	1	move, attain	ā √ar
31	√ar	1	move, attain	√ar
32	√arah	1	deserve, be worthy	√arah
33	√as	1	be	vi √as
34	√as	1	be	√as
35	√as	1	eat	√as
36	√as	3	throw, hurl	abhi √as
37	√as	3	throw, hurl	apa √as
38	√as	3	throw, hurl	nī √as
39	√as	3	throw, hurl	pa √as
40	√as	3	throw, hurl	pari √as
41	√as	3	throw, hurl	saṃ √as
42	√as	3	throw, hurl	upa √as
43	√as	3	throw, hurl	vi pari √as
44	√as	3	throw, hurl	√as
45	√as	5	eat	√as
46	√atth	8	wish for	abhi pa √atth
47	√atth	8	wish for	pa √atth
48	√atth	8	wish for	√atth
49	√añc	1	bend	pari √añc
50	√añc	1	bend	√añc
51	√añch	1	extend, draw along	saṃ √añch
52	√añch	1	extend, draw along	ā vi √añch
53	√añch	1	extend, draw along	√añch
54	√añj	1	pay respect	pa √añj
55	√añj	1	pay respect	√añj
56	√añj	1	smear, anoint	abhi √añj
57	√añj	1	smear, anoint	pati √añj
58	√añj	1	smear, anoint	√añj
59	√añj	8	distinguish	anu vi √añj
60	√añj	8	distinguish	saṃ √añj
61	√añj	8	distinguish	vi √añj
62	√añj	8	distinguish	√añj
63	√aḍḍ	1	judge	√aḍḍ
64	√aṃs	8	divide, distribute	pati √aṃs
65	√aṃs	8	divide, distribute	√aṃs
66	√aṅg	1	walk	√aṅg
67	√aṇ	1	recite	√aṇ
68	√badh	1	bind, tie	anu √badh
69	√badh	1	bind, tie	ni √badh
70	√badh	1	bind, tie	pa √badh
71	√badh	1	bind, tie	pati √badh
72	√badh	1	bind, tie	saṃ √badh
73	√badh	1	bind, tie	upa ni √badh
74	√badh	1	bind, tie	vi ni √badh
75	√badh	1	bind, tie	ā √badh
76	√badh	1	bind, tie	√badh
77	√bah	1	increase	ati √bah
78	√bah	1	increase	√bah
79	√bal	1	be strong, live	pati √bal
80	√bal	1	be strong, live	√bal
81	√bandh	1	bind, tie	anu √bandh
82	√bandh	1	bind, tie	ni √bandh
83	√bandh	1	bind, tie	pati √bandh
84	√bandh	1	bind, tie	saṃ √bandh
85	√bandh	1	bind, tie	ud √bandh
86	√bandh	1	bind, tie	upa ni √bandh
87	√bandh	1	bind, tie	vi ni √bandh
88	√bandh	1	bind, tie	ā √bandh
89	√bandh	1	bind, tie	√bandh
90	√bhad	1	be good, lucky	√bhad
91	√bhaj	1	associate, keep company	saṃ √bhaj
92	√bhaj	1	associate, keep company	√bhaj
93	√bhaj	1	divide, distribute	pati vi √bhaj
94	√bhaj	1	divide, distribute	pati √bhaj
95	√bhaj	1	divide, distribute	saṃ vi √bhaj
96	√bhaj	1	divide, distribute	vi √bhaj
97	√bhaj	1	divide, distribute	√bhaj
98	√bhajj	1	cook	√bhajj
99	√bhakkh	1	eat	√bhakkh
100	√bham	1	turn, revolve, buzz	pari √bham
101	√bham	1	turn, revolve, buzz	saṃ √bham
102	√bham	1	turn, revolve, buzz	vi √bham
103	√bham	1	turn, revolve, buzz	√bham
104	√bhar	1	carry, support	pa √bhar
105	√bhar	1	carry, support	saṃ √bhar
106	√bhar	1	carry, support	ā √bhar
107	√bhar	1	carry, support	√bhar
108	√bhas	1	make ashes	√bhas
109	√bhas	3	fall down	√bhas
110	√bhañj	1	break, destroy	ava √bhañj
111	√bhañj	1	break, destroy	pa √bhañj
112	√bhañj	1	break, destroy	saṃ √bhañj
113	√bhañj	1	break, destroy	vi ā √bhañj
114	√bhañj	1	break, destroy	vi √bhañj
115	√bhañj	1	break, destroy	ā √bhañj
116	√bhañj	1	break, destroy	√bhañj
117	√bhaṇ	1	talk, speak	pati √bhaṇ
118	√bhaṇ	1	talk, speak	√bhaṇ
119	√bhaṇḍ	1	blame, accuse	pati √bhaṇḍ
120	√bhaṇḍ	1	blame, accuse	√bhaṇḍ
121	√bhid	2	break, split	abhi nī √bhid
122	√bhid	2	break, split	pa √bhid
123	√bhid	2	break, split	pari √bhid
124	√bhid	2	break, split	pati saṃ √bhid
125	√bhid	2	break, split	saṃ √bhid
126	√bhid	2	break, split	ud √bhid
127	√bhid	2	break, split	vi pari √bhid
128	√bhid	2	break, split	vi √bhid
129	√bhid	2	break, split	√bhid
130	√bhikkh	1	beg	√bhikkh
131	√bhis	2	fear	vi √bhis
132	√bhis	2	fear	√bhis
133	√bhuj	1	bend	vi nī √bhuj
134	√bhuj	1	bend	ā √bhuj
135	√bhuj	1	bend	√bhuj
136	√bhuj	2	eat, enjoy	pari √bhuj
137	√bhuj	2	eat, enjoy	pati √bhuj
138	√bhuj	2	eat, enjoy	saṃ √bhuj
139	√bhuj	2	eat, enjoy	upa √bhuj
140	√bhuj	2	eat, enjoy	√bhuj
141	√bhus	3	fall heavily	√bhus
142	√bhuss	1	bark	√bhuss
143	√bhā	1	shine, speak	ni √bhā
144	√bhā	1	shine, speak	pa √bhā
145	√bhā	1	shine, speak	pati √bhā
146	√bhā	1	shine, speak	saṃ ni √bhā
147	√bhā	1	shine, speak	vi √bhā
148	√bhā	1	shine, speak	ā √bhā
149	√bhā	1	shine, speak	√bhā
150	√bhās	1	shine	ava √bhās
151	√bhās	1	shine	ni √bhās
152	√bhās	1	shine	pa √bhās
153	√bhās	1	shine	vi √bhās
154	√bhās	1	shine	ā √bhās
155	√bhās	1	shine	√bhās
156	√bhās	1	speak	adhi ā √bhās
157	√bhās	1	speak	ava √bhās
158	√bhās	1	speak	pari √bhās
159	√bhās	1	speak	pati √bhās
160	√bhās	1	speak	saṃ anu √bhās
161	√bhās	1	speak	saṃ √bhās
162	√bhās	1	speak	√bhās
163	√bhī	1	fear	pati √bhī
164	√bhī	1	fear	saṃ √bhī
165	√bhī	1	fear	√bhī
166	√bhū	1	be	abhi saṃ √bhū
167	√bhū	1	be	abhi √bhū
168	√bhū	1	be	adhi √bhū
169	√bhū	1	be	anu √bhū
170	√bhū	1	be	ati √bhū
171	√bhū	1	be	pa √bhū
172	√bhū	1	be	pari √bhū
173	√bhū	1	be	parā √bhū
174	√bhū	1	be	pati anu √bhū
175	√bhū	1	be	puna √bhū
176	√bhū	1	be	pātu √bhū
177	√bhū	1	be	saṃ √bhū
178	√bhū	1	be	vi √bhū
179	√bhū	1	be	āvi √bhū
180	√bhū	1	be	√bhū
181	√bhūs	1	adorn, decorate	vi √bhūs
182	√bhūs	1	adorn, decorate	√bhūs
183	√bil	1	break, chop	ā √bil
184	√bil	1	break, chop	√bil
185	√brah	1	increase	√brah
186	√brū	1	say	pa √brū
187	√brū	1	say	√brū
188	√brūh	1	increase	anu √brūh
189	√brūh	1	increase	upa √brūh
190	√brūh	1	increase	√brūh
191	√budh	3	know, wake up	abhi saṃ √budh
192	√budh	3	know, wake up	anu √budh
193	√budh	3	know, wake up	apa √budh
194	√budh	3	know, wake up	ava √budh
195	√budh	3	know, wake up	pa √budh
196	√budh	3	know, wake up	pati √budh
197	√budh	3	know, wake up	saṃ √budh
198	√budh	3	know, wake up	√budh
199	√buh	1	pluck out, uproot	ā √buh
200	√bādh	1	press, oppress	ati saṃ √bādh
201	√bādh	1	press, oppress	saṃ √bādh
202	√bādh	1	press, oppress	vi ā √bādh
203	√bādh	1	press, oppress	vi √bādh
204	√bādh	1	press, oppress	ā √bādh
205	√bādh	1	press, oppress	√bādh
206	√caj	1	give up, let go	pari √caj
207	√caj	1	give up, let go	√caj
208	√cakkh	1	see	apa √cakkh
209	√cakkh	1	see	vi √cakkh
210	√cakkh	1	see	√cakkh
211	√cal	1	shake, tremble	pa √cal
212	√cal	1	shake, tremble	saṃ pa √cal
213	√cal	1	shake, tremble	saṃ √cal
214	√cal	1	shake, tremble	√cal
215	√cam	8	wash, rinse	ā √cam
216	√cand	1	glow, be bright	√cand
217	√car	1	act, behave	abhi saṃ ā √car
218	√car	1	act, behave	abhi √car
219	√car	1	act, behave	adhi ā √car
220	√car	1	act, behave	adhi √car
221	√car	1	act, behave	anu √car
222	√car	1	act, behave	ati √car
223	√car	1	act, behave	ava √car
224	√car	1	act, behave	pa √car
225	√car	1	act, behave	saṃ ud ā √car
226	√car	1	act, behave	saṃ ā √car
227	√car	1	act, behave	vi abhi √car
228	√car	1	act, behave	ā √car
229	√car	1	act, behave	√car
230	√car	1	move, walk	anu saṃ √car
231	√car	1	move, walk	anu vi √car
232	√car	1	move, walk	anu √car
233	√car	1	move, walk	ava √car
234	√car	1	move, walk	nī √car
235	√car	1	move, walk	pa vi √car
236	√car	1	move, walk	pari √car
237	√car	1	move, walk	pati √car
238	√car	1	move, walk	saṃ ud ā √car
239	√car	1	move, walk	saṃ √car
240	√car	1	move, walk	ud √car
241	√car	1	move, walk	upa vi √car
242	√car	1	move, walk	upa √car
243	√car	1	move, walk	vi √car
244	√car	1	move, walk	ā √car
245	√car	1	move, walk	√car
246	√caṇḍ	1	be fierce, violent	√caṇḍ
247	√chad	8	cover, conceal	abhi √chad
248	√chad	8	cover, conceal	pa √chad
249	√chad	8	cover, conceal	pari √chad
250	√chad	8	cover, conceal	pati √chad
251	√chad	8	cover, conceal	saṃ √chad
252	√chad	8	cover, conceal	ud √chad
253	√chad	8	cover, conceal	ā √chad
254	√chad	8	cover, conceal	√chad
255	√chand	8	desire, please	ā √chand
256	√chand	8	desire, please	√chand
257	√chaḍḍ	8	discard, abandon	vi √chaḍḍ
258	√chaḍḍ	8	discard, abandon	√chaḍḍ
259	√chid	2	cut, steal	ava √chid
260	√chid	2	cut, steal	pa √chid
261	√chid	2	cut, steal	pari √chid
262	√chid	2	cut, steal	saṃ ud √chid
263	√chid	2	cut, steal	saṃ √chid
264	√chid	2	cut, steal	ud √chid
265	√chid	2	cut, steal	upa √chid
266	√chid	2	cut, steal	vi ud √chid
267	√chid	2	cut, steal	vi √chid
268	√chid	2	cut, steal	ā √chid
269	√chid	2	cut, steal	√chid
270	√chup	1	touch	√chup
271	√chuṭ	8	cut off	nī √chuṭ
272	√chā	1	be hungry	√chā
273	√ci	5	gather, accumulate	anu vi √ci
274	√ci	5	gather, accumulate	anu √ci
275	√ci	5	gather, accumulate	apa √ci
276	√ci	5	gather, accumulate	ava √ci
277	√ci	5	gather, accumulate	ni √ci
278	√ci	5	gather, accumulate	nī √ci
279	√ci	5	gather, accumulate	pa vi √ci
280	√ci	5	gather, accumulate	pa √ci
281	√ci	5	gather, accumulate	pari √ci
282	√ci	5	gather, accumulate	paṭi √ci
283	√ci	5	gather, accumulate	saṃ ni √ci
284	√ci	5	gather, accumulate	saṃ pari √ci
285	√ci	5	gather, accumulate	saṃ ud √ci
286	√ci	5	gather, accumulate	saṃ √ci
287	√ci	5	gather, accumulate	ud √ci
288	√ci	5	gather, accumulate	upa √ci
289	√ci	5	gather, accumulate	vi nī √ci
290	√ci	5	gather, accumulate	vi √ci
291	√ci	5	gather, accumulate	ā √ci
292	√ci	5	gather, accumulate	√ci
293	√cikkh	1	show, tell	abhi ā √cikkh
294	√cikkh	1	show, tell	pati saṃ √cikkh
295	√cikkh	1	show, tell	pati ā √cikkh
296	√cikkh	1	show, tell	vi ā √cikkh
297	√cikkh	1	show, tell	ā √cikkh
298	√cil	1	clothe	√cil
299	√cint	8	think	anu vi √cint
300	√cint	8	think	anu √cint
301	√cint	8	think	saṃ √cint
302	√cint	8	think	vi √cint
303	√cint	8	think	√cint
304	√cit	1	mark	vi √cit
305	√cit	1	mark	√cit
306	√cit	8	think, intend	abhi √cit
307	√cit	8	think, intend	saṃ √cit
308	√cit	8	think, intend	vi √cit
309	√cit	8	think, intend	√cit
310	√citt	8	paint, design	√citt
311	√ciṭ	1	send, abuse	√ciṭ
312	√cu	1	shift, fall away, die	√cu
313	√cud	8	impel, accuse	pati √cud
314	√cud	8	impel, accuse	√cud
315	√cumb	1	kiss	pari √cumb
316	√cumb	1	kiss	√cumb
317	√cur	8	steal	√cur
318	√cuṇṇ	8	grind, crush, powder	saṃ √cuṇṇ
319	√cuṇṇ	8	grind, crush, powder	vi √cuṇṇ
320	√cuṇṇ	8	grind, crush, powder	√cuṇṇ
321	√cāy	1	honour	apa √cāy
322	√dah	1	be strong	√dah
323	√dakkh	1	be able, please	pa √dakkh
324	√dakkh	1	be able, please	√dakkh
325	√dal	8	split, tear apart	pa √dal
326	√dal	8	split, tear apart	saṃ pa √dal
327	√dal	8	split, tear apart	saṃ √dal
328	√dal	8	split, tear apart	ud √dal
329	√dal	8	split, tear apart	vi √dal
330	√dal	8	split, tear apart	√dal
331	√dam	3	be tame	√dam
332	√dap	3	be arrogant	√dap
333	√dar	1	break, split apart	ava √dar
334	√dar	1	break, split apart	pa √dar
335	√dar	1	break, split apart	ud √dar
336	√dar	1	break, split apart	vi ā √dar
337	√dar	1	break, split apart	vi √dar
338	√dar	1	break, split apart	√dar
339	√dar	1	fear	√dar
340	√dar	1	respect, have affection	saṃ √dar
341	√dar	1	respect, have affection	ā √dar
342	√dav	1	lament	pari √dav
343	√day	1	be kind, have pity	anu √day
344	√day	1	be kind, have pity	√day
345	√dev	1	lament	pari √dev
346	√dev	1	lament	ā √dev
347	√dhaj	1	move, flap	√dhaj
348	√dham	1	blow, sound	abhi √dham
349	√dham	1	blow, sound	ati √dham
350	√dham	1	blow, sound	nī √dham
351	√dham	1	blow, sound	saṃ √dham
352	√dham	1	blow, sound	ud √dham
353	√dham	1	blow, sound	vi √dham
354	√dham	1	blow, sound	√dham
355	√dhan	1	be rich	√dhan
356	√dhan	8	sound	√dhan
357	√dhar	1	hold, carry, endure	abhi √dhar
358	√dhar	1	hold, carry, endure	pati ud √dhar
359	√dhar	1	hold, carry, endure	saṃ ud √dhar
360	√dhar	1	hold, carry, endure	saṃ √dhar
361	√dhar	1	hold, carry, endure	ud √dhar
362	√dhar	1	hold, carry, endure	ā √dhar
363	√dhar	1	hold, carry, endure	√dhar
364	√dhar	8	wear, hold, carry	ava √dhar
365	√dhar	8	wear, hold, carry	nī √dhar
366	√dhar	8	wear, hold, carry	saṃ √dhar
367	√dhar	8	wear, hold, carry	upa √dhar
368	√dhar	8	wear, hold, carry	ā √dhar
369	√dhar	8	wear, hold, carry	√dhar
370	√dhaṃs	1	fall down, destroy	anu √dhaṃs
371	√dhaṃs	1	fall down, destroy	ava √dhaṃs
372	√dhaṃs	1	fall down, destroy	pa √dhaṃs
373	√dhaṃs	1	fall down, destroy	pari √dhaṃs
374	√dhaṃs	1	fall down, destroy	ud √dhaṃs
375	√dhaṃs	1	fall down, destroy	vi √dhaṃs
376	√dhaṃs	1	fall down, destroy	√dhaṃs
377	√dhe	1	drink, suck	√dhe
378	√dhov	1	wash, rinse	ni √dhov
379	√dhov	1	wash, rinse	pari √dhov
380	√dhov	1	wash, rinse	saṃ √dhov
381	√dhov	1	wash, rinse	√dhov
382	√dhur	1	be crooked, corrupt	√dhur
383	√dhuv	1	be firm, solid	√dhuv
384	√dhā	1	place, support	abhi sad √dhā
385	√dhā	1	place, support	abhi saṃ √dhā
386	√dhā	1	place, support	abhi √dhā
387	√dhā	1	place, support	adhi ava √dhā
388	√dhā	1	place, support	antara √dhā
389	√dhā	1	place, support	anu saṃ √dhā
390	√dhā	1	place, support	anu vi √dhā
391	√dhā	1	place, support	apa ni √dhā
392	√dhā	1	place, support	api √dhā
393	√dhā	1	place, support	ati ā √dhā
394	√dhā	1	place, support	ava √dhā
395	√dhā	1	place, support	ni √dhā
396	√dhā	1	place, support	pa ni √dhā
397	√dhā	1	place, support	pa √dhā
398	√dhā	1	place, support	pari √dhā
399	√dhā	1	place, support	pati saṃ √dhā
400	√dhā	1	place, support	sad √dhā
401	√dhā	1	place, support	saṃ ava √dhā
402	√dhā	1	place, support	saṃ ni √dhā
403	√dhā	1	place, support	saṃ vi √dhā
404	√dhā	1	place, support	saṃ ā √dhā
405	√dhā	1	place, support	saṃ √dhā
406	√dhā	1	place, support	upa ni √dhā
407	√dhā	1	place, support	upa saṃ √dhā
408	√dhā	1	place, support	upa √dhā
409	√dhā	1	place, support	vi ava √dhā
410	√dhā	1	place, support	vi ā √dhā
411	√dhā	1	place, support	vi √dhā
412	√dhā	1	place, support	ā √dhā
413	√dhā	1	place, support	√dhā
414	√dhāv	1	polish, sharpen	√dhāv
415	√dhāv	1	run, flow	abhi √dhāv
416	√dhāv	1	run, flow	anu pari √dhāv
417	√dhāv	1	run, flow	anu √dhāv
418	√dhāv	1	run, flow	ati √dhāv
419	√dhāv	1	run, flow	pa √dhāv
420	√dhāv	1	run, flow	pari √dhāv
421	√dhāv	1	run, flow	pati √dhāv
422	√dhāv	1	run, flow	saṃ √dhāv
423	√dhāv	1	run, flow	upa √dhāv
424	√dhāv	1	run, flow	vi √dhāv
425	√dhāv	1	run, flow	ā √dhāv
426	√dhāv	1	run, flow	√dhāv
427	√dhī	1	think	√dhī
428	√dhū	5	shake, smoke	ava √dhū
429	√dhū	5	shake, smoke	nī √dhū
430	√dhū	5	shake, smoke	saṃ pa √dhū
431	√dhū	5	shake, smoke	saṃ √dhū
432	√dhū	5	shake, smoke	vi √dhū
433	√dhū	5	shake, smoke	ā √dhū
434	√dhū	5	shake, smoke	√dhū
435	√dhūp	1	smoke	saṃ pa √dhūp
436	√dhūp	1	smoke	saṃ √dhūp
437	√dhūp	1	smoke	vi √dhūp
438	√dhūp	1	smoke	√dhūp
439	√dih	1	accumulate	saṃ √dih
440	√dih	1	accumulate	ud √dih
441	√dih	1	accumulate	√dih
442	√dih	1	smear	√dih
443	√dis	1	point out, explain	anu √dis
444	√dis	1	point out, explain	apa √dis
445	√dis	1	point out, explain	ati √dis
446	√dis	1	point out, explain	ava √dis
447	√dis	1	point out, explain	nī √dis
448	√dis	1	point out, explain	pa √dis
449	√dis	1	point out, explain	saṃ ud √dis
450	√dis	1	point out, explain	saṃ ā √dis
451	√dis	1	point out, explain	ud √dis
452	√dis	1	point out, explain	upa √dis
453	√dis	1	point out, explain	vi apa √dis
454	√dis	1	point out, explain	ā √dis
455	√dis	1	point out, explain	√dis
456	√dis	1	see	abhi √dis
457	√dis	1	see	anu √dis
458	√dis	1	see	ati √dis
459	√dis	1	see	ni √dis
460	√dis	1	see	pa √dis
461	√dis	1	see	pati √dis
462	√dis	1	see	saṃ anu √dis
463	√dis	1	see	saṃ √dis
464	√dis	1	see	ud √dis
465	√dis	1	see	upa √dis
466	√dis	1	see	vi √dis
467	√dis	1	see	ā √dis
468	√dis	1	see	√dis
469	√dis	3	dislike, hate	√dis
470	√dis	8	teach, explain	pati √dis
471	√dis	8	teach, explain	√dis
472	√div	3	shine	√div
473	√du	1	torment, afflict	upa √du
474	√dubbh	1	deceive, be treacherous	√dubbh
475	√duh	1	milk a cow	√duh
476	√dukkh	1	be painful	√dukkh
477	√dul	8	swing	√dul
478	√dus	3	be angry, corrupt	pa √dus
479	√dus	3	be angry, corrupt	saṃ pa √dus
480	√dus	3	be angry, corrupt	√dus
481	√dus	3	hate, dislike	pa √dus
482	√dus	3	hate, dislike	saṃ pa √dus
483	√dus	3	hate, dislike	upa √dus
484	√dus	3	hate, dislike	√dus
485	√dvar	1	obstruct, prohibit	√dvar
486	√dā	1	give	anu pa √dā
487	√dā	1	give	anu √dā
488	√dā	1	give	pa √dā
489	√dā	1	give	saṃ pa √dā
490	√dā	1	give	√dā
491	√dā	3	be pure, clean	apa √dā
492	√dā	3	be pure, clean	ava √dā
493	√dā	3	be pure, clean	pari ava √dā
494	√dā	3	be pure, clean	vi ava √dā
495	√dā	3	cut, break apart	apa √dā
496	√dā	3	cut, break apart	ni √dā
497	√dā	3	cut, break apart	√dā
498	√dā	3	sleep	ni √dā
499	√dā	3	tie, bind	ni √dā
500	√dā	3	tie, bind	saṃ √dā
501	√dī	3	be afflicted	ā √dī
502	√dī	3	be afflicted	√dī
503	√dīp	3	shine, blaze	pa √dīp
504	√dīp	3	shine, blaze	pari √dīp
505	√dīp	3	shine, blaze	saṃ √dīp
506	√dīp	3	shine, blaze	ā √dīp
507	√dīp	3	shine, blaze	√dīp
508	√dū	1	go, run	ati √dū
509	√dū	1	go, run	vi √dū
510	√dū	1	go, run	√dū
511	√edh	1	flourish, prosper	√edh
512	√ej	1	move, shake	√ej
513	√es	1	seek, search	anu √es
514	√es	1	seek, search	pari √es
515	√es	1	seek, search	pati √es
516	√es	1	seek, search	saṃ anu √es
517	√es	1	seek, search	√es
518	√gabbh	1	be bold, daring	pa √gabbh
519	√gabbh	1	be bold, daring	√gabbh
520	√gad	1	speak	√gad
521	√gadh	1	bind, tie	√gadh
522	√gah	6	grasp	abhi ni √gah
523	√gah	6	grasp	adhi √gah
524	√gah	6	grasp	anu √gah
525	√gah	6	grasp	ni √gah
526	√gah	6	grasp	pa √gah
527	√gah	6	grasp	pari √gah
528	√gah	6	grasp	pati √gah
529	√gah	6	grasp	saṃ adhi √gah
530	√gah	6	grasp	saṃ ud √gah
531	√gah	6	grasp	saṃ √gah
532	√gah	6	grasp	ud √gah
533	√gah	6	grasp	vi √gah
534	√gah	6	grasp	√gah
535	√gaj	1	roar, make sound	√gaj
536	√gajj	1	roar, thunder	abhi √gajj
537	√gajj	1	roar, thunder	ud √gajj
538	√gajj	1	roar, thunder	√gajj
539	√gal	1	drip, flow	√gal
540	√gal	1	eat	√gal
541	√gam	1	go	abhi saṃ ā √gam
542	√gam	1	go	abhi ud √gam
543	√gam	1	go	abhi ā √gam
544	√gam	1	go	abhi √gam
545	√gam	1	go	adhi upa √gam
546	√gam	1	go	adhi √gam
547	√gam	1	go	anu pa √gam
548	√gam	1	go	anu pari √gam
549	√gam	1	go	anu ā √gam
550	√gam	1	go	anu √gam
551	√gam	1	go	apa √gam
552	√gam	1	go	ati ud √gam
553	√gam	1	go	ati √gam
554	√gam	1	go	ava √gam
555	√gam	1	go	ni √gam
556	√gam	1	go	nī √gam
557	√gam	1	go	pati ud √gam
558	√gam	1	go	pati vi √gam
559	√gam	1	go	pati ā √gam
560	√gam	1	go	puna ā √gam
561	√gam	1	go	saṃ adhi √gam
562	√gam	1	go	saṃ anu ā √gam
563	√gam	1	go	saṃ ud ā √gam
564	√gam	1	go	saṃ ud √gam
565	√gam	1	go	saṃ upa √gam
566	√gam	1	go	saṃ ā √gam
567	√gam	1	go	saṃ √gam
568	√gam	1	go	ud √gam
569	√gam	1	go	upa ati √gam
570	√gam	1	go	upa √gam
571	√gam	1	go	vi apa √gam
572	√gam	1	go	vi √gam
573	√gam	1	go	ā √gam
574	√gam	1	go	√gam
575	√ganth	8	tie, bind	√ganth
576	√gar	1	esteem, be heavy	√gar
577	√garah	1	blame	vi √garah
578	√garah	1	blame	√garah
579	√gas	1	eat, swallow	√gas
580	√gaves	1	seek, search	√gaves
581	√gaṇ	8	calculate, group	saṃ √gaṇ
582	√gaṇ	8	calculate, group	√gaṇ
583	√ghar	1	burn, be hot	√ghar
584	√ghar	1	drip	pa √ghar
585	√ghar	1	drip	ud √ghar
586	√ghas	1	eat	√ghas
587	√ghaṃs	1	grind, pound	ni √ghaṃs
588	√ghaṃs	1	grind, pound	pati √ghaṃs
589	√ghaṃs	1	grind, pound	saṃ pa √ghaṃs
590	√ghaṃs	1	grind, pound	ud √ghaṃs
591	√ghaṃs	1	grind, pound	upa ni √ghaṃs
592	√ghaṃs	1	grind, pound	√ghaṃs
593	√ghaṇḍ	1	speak	ni √ghaṇḍ
594	√ghaṭ	1	be busy with, strive	√ghaṭ
595	√ghaṭ	1	join together	anu √ghaṭ
596	√ghaṭ	1	join together	saṃ √ghaṭ
597	√ghaṭ	1	join together	ud √ghaṭ
598	√ghaṭ	1	join together	√ghaṭ
599	√ghaṭ	8	strike, kill	abhi ā √ghaṭ
600	√ghaṭ	8	strike, kill	abhi √ghaṭ
601	√ghaṭ	8	strike, kill	ni √ghaṭ
602	√ghaṭ	8	strike, kill	nī √ghaṭ
603	√ghaṭ	8	strike, kill	pari √ghaṭ
604	√ghaṭ	8	strike, kill	pati √ghaṭ
605	√ghaṭ	8	strike, kill	saṃ ud √ghaṭ
606	√ghaṭ	8	strike, kill	saṃ √ghaṭ
607	√ghaṭ	8	strike, kill	ud √ghaṭ
608	√ghaṭ	8	strike, kill	upa √ghaṭ
609	√ghaṭ	8	strike, kill	vi ni √ghaṭ
610	√ghaṭ	8	strike, kill	vi √ghaṭ
611	√ghaṭ	8	strike, kill	ā √ghaṭ
612	√ghaṭ	8	strike, kill	√ghaṭ
613	√ghaṭṭ	1	join together	√ghaṭṭ
614	√ghaṭṭ	8	hit, strike	saṃ √ghaṭṭ
615	√ghaṭṭ	8	hit, strike	√ghaṭṭ
616	√ghur	1	scream, be awful	√ghur
617	√ghus	1	shout, make noise	nī √ghus
618	√ghus	1	shout, make noise	pati √ghus
619	√ghus	1	shout, make noise	saṃ √ghus
620	√ghus	1	shout, make noise	ud √ghus
621	√ghus	1	shout, make noise	√ghus
622	√ghā	3	smell	√ghā
623	√gidh	3	be greedy	abhi √gidh
624	√gidh	3	be greedy	anu √gidh
625	√gidh	3	be greedy	pari √gidh
626	√gidh	3	be greedy	pati √gidh
627	√gidh	3	be greedy	√gidh
628	√gil	1	eat, swallow	√gil
629	√gilā	3	be sick, tired	ā √gilā
630	√gilā	3	be sick, tired	√gilā
631	√gir	1	raise	abhi ud √gir
632	√gir	1	raise	ud √gir
633	√gir	1	swallow	ud √gir
634	√gir	4	call, speak	√gir
635	√gu	1	excrete	√gu
636	√guh	1	hide, conceal	ni √guh
637	√guh	1	hide, conceal	pari √guh
638	√guh	1	hide, conceal	pati √guh
639	√guh	1	hide, conceal	upa √guh
640	√guh	1	hide, conceal	√guh
641	√gup	1	dislike	vi √gup
642	√gup	1	dislike	√gup
643	√gup	1	guard	√gup
644	√guḷ	1	roll around, protect	√guḷ
645	√guṇ	8	repeat, multiply	√guṇ
646	√guṇṭh	8	enclose, envelope	ava √guṇṭh
647	√guṇṭh	8	enclose, envelope	pari √guṇṭh
648	√guṇṭh	8	enclose, envelope	√guṇṭh
649	√gā	3	sing	abhi √gā
650	√gā	3	sing	anu saṃ √gā
651	√gā	3	sing	anu √gā
652	√gā	3	sing	saṃ √gā
653	√gā	3	sing	upa √gā
654	√gā	3	sing	√gā
655	√gādh	1	stand firmly	√gādh
656	√gāh	1	dive, plunge	adhi ava √gāh
657	√gāh	1	dive, plunge	anu √gāh
658	√gāh	1	dive, plunge	ava √gāh
659	√gāh	1	dive, plunge	pa √gāh
660	√gāh	1	dive, plunge	pari ava √gāh
661	√gāh	1	dive, plunge	saṃ anu √gāh
662	√gāh	1	dive, plunge	saṃ √gāh
663	√gāh	1	dive, plunge	vi √gāh
664	√gāh	1	dive, plunge	ā √gāh
665	√gāh	1	dive, plunge	√gāh
666	√han	1	strike, kill	abhi ni √han
667	√han	1	strike, kill	abhi vi √han
668	√han	1	strike, kill	abhi ā √han
669	√han	1	strike, kill	abhi √han
670	√han	1	strike, kill	anu ā √han
671	√han	1	strike, kill	apa ā √han
672	√han	1	strike, kill	ni √han
673	√han	1	strike, kill	pa √han
674	√han	1	strike, kill	pari ā √han
675	√han	1	strike, kill	pati √han
676	√han	1	strike, kill	saṃ abhi ā √han
677	√han	1	strike, kill	saṃ ud √dhar
678	√han	1	strike, kill	saṃ ud √han
679	√han	1	strike, kill	saṃ ā √han
680	√han	1	strike, kill	ud √han
681	√han	1	strike, kill	upa √han
682	√han	1	strike, kill	vi √han
683	√han	1	strike, kill	ā √han
684	√han	1	strike, kill	√han
685	√har	1	carry	abhi ava √har
686	√har	1	carry	abhi ni √har
687	√har	1	carry	abhi nī √har
688	√har	1	carry	abhi saṃ √har
689	√har	1	carry	abhi √har
690	√har	1	carry	adhi ava √har
691	√har	1	carry	adhi ā √har
692	√har	1	carry	anu √har
693	√har	1	carry	ati √har
694	√har	1	carry	ava √har
695	√har	1	carry	nī √har
696	√har	1	carry	pa √har
697	√har	1	carry	pari √har
698	√har	1	carry	pati saṃ √har
699	√har	1	carry	pati ā √har
700	√har	1	carry	pati √har
701	√har	1	carry	saṃ anu ā √har
702	√har	1	carry	saṃ pa √har
703	√har	1	carry	saṃ ud ā √har
704	√har	1	carry	saṃ vi ava √har
705	√har	1	carry	saṃ √har
706	√har	1	carry	ud ā √har
707	√har	1	carry	ud √har
708	√har	1	carry	upa nī √har
709	√har	1	carry	upa saṃ √har
710	√har	1	carry	upa √har
711	√har	1	carry	vi ati √har
712	√har	1	carry	vi ava √har
713	√har	1	carry	vi ā √har
714	√har	1	carry	vi √har
715	√har	1	carry	ā √har
716	√har	1	carry	√har
717	√har	1	live	vi √har
718	√har	1	take, seize	adhi ava √har
719	√har	1	take, seize	adhi upa √har
720	√har	1	take, seize	apa √har
721	√har	1	take, seize	ava √har
722	√har	1	take, seize	pati pa √har
723	√har	1	take, seize	saṃ anu ā √har
724	√har	1	take, seize	vi ā √har
725	√har	1	take, seize	ā √har
726	√har	1	take, seize	√har
727	√har	3	be ashamed	√har
728	√has	1	elate, laugh	ava √has
729	√has	1	elate, laugh	pa √has
730	√has	1	elate, laugh	pari √has
731	√has	1	elate, laugh	ud √has
732	√has	1	elate, laugh	√has
733	√haṃs	1	elate	pa √haṃs
734	√haṃs	1	elate	saṃ pa √haṃs
735	√haṃs	1	elate	√haṃs
736	√heṭh	8	harass, annoy	vi √heṭh
737	√heṭh	8	harass, annoy	√heṭh
738	√hi	4	send	pa √hi
739	√hi	4	send	pati pa √hi
740	√hi	7	impel	√hi
741	√hir	3	be ashamed	√hir
742	√his	2	hurt, harm	abhi √his
743	√his	2	hurt, harm	vi √his
744	√his	2	hurt, harm	√his
745	√hiṇḍ	1	roam, wander	anu ā √hiṇḍ
746	√hiṇḍ	1	roam, wander	ā √hiṇḍ
747	√hu	1	offer as oblation	pa ā √hu
748	√hu	1	offer as oblation	ā √hu
749	√hu	1	offer as oblation	√hu
750	√hā	1	abandon	ava √hā
751	√hā	1	abandon	pa √hā
752	√hā	1	abandon	ud √hā
753	√hā	1	abandon	vi pa √hā
754	√hā	1	abandon	vi √hā
755	√hā	1	abandon	√hā
756	√hā	3	decrease	ni √hā
757	√hā	3	decrease	pari √hā
758	√hā	3	decrease	saṃ √hā
759	√hā	3	decrease	vi √hā
760	√hā	3	decrease	√hā
761	√hīḷ	8	scorn	ava √hīḷ
762	√hīḷ	8	scorn	√hīḷ
763	√hū	1	be	pa √hū
764	√hū	1	be	pātu √hū
765	√hū	1	be	√hū
766	√i	1	come, go	abhi ati √i
767	√i	1	come, go	abhi saṃ parā √i
768	√i	1	come, go	abhi saṃ √i
769	√i	1	come, go	abhi ud √i
770	√i	1	come, go	adhi pa √i
771	√i	1	come, go	adhi upa √i
772	√i	1	come, go	anu √i
773	√i	1	come, go	apa √i
774	√i	1	come, go	ati √i
775	√i	1	come, go	ava √i
776	√i	1	come, go	nī √i
777	√i	1	come, go	pa √i
778	√i	1	come, go	pari √i
779	√i	1	come, go	parā √i
780	√i	1	come, go	pati √i
781	√i	1	come, go	saṃ ava √i
782	√i	1	come, go	saṃ pa √i
783	√i	1	come, go	saṃ pari √i
784	√i	1	come, go	saṃ parā √i
785	√i	1	come, go	saṃ ud ā √i
786	√i	1	come, go	saṃ ud √i
787	√i	1	come, go	saṃ upa √i
788	√i	1	come, go	saṃ √i
789	√i	1	come, go	ud √i
790	√i	1	come, go	upa ā √i
791	√i	1	come, go	upa √i
792	√i	1	come, go	vi ati √i
793	√i	1	come, go	vi pari ā √i
794	√i	1	come, go	vi pari √i
795	√i	1	come, go	vi √i
796	√i	1	come, go	ā √i
797	√i	1	come, go	√i
798	√i	1	study, recite	adhi √i
799	√i	1	study, recite	saṃ adhi √i
800	√i	1	study, recite	saṃ √i
801	√i	1	study, recite	upa adhi √i
802	√idh	2	fire, burn	√idh
803	√idh	3	succeed, accomplish	saṃ √idh
804	√idh	3	succeed, accomplish	ā √idh
805	√idh	3	succeed, accomplish	√idh
806	√ikkh	1	see, mark	abhi √ikkh
807	√ikkh	1	see, mark	adhi upa √ikkh
808	√ikkh	1	see, mark	anu pa √ikkh
809	√ikkh	1	see, mark	apa √ikkh
810	√ikkh	1	see, mark	ava √ikkh
811	√ikkh	1	see, mark	pa √ikkh
812	√ikkh	1	see, mark	pari √ikkh
813	√ikkh	1	see, mark	pati ava √ikkh
814	√ikkh	1	see, mark	saṃ apa √ikkh
815	√ikkh	1	see, mark	saṃ ava √ikkh
816	√ikkh	1	see, mark	saṃ √ikkh
817	√ikkh	1	see, mark	ud √ikkh
818	√ikkh	1	see, mark	upa pari √ikkh
819	√ikkh	1	see, mark	upa √ikkh
820	√ikkh	1	see, mark	vi pa √ikkh
821	√ikkh	1	see, mark	√ikkh
822	√is	1	wish for	adhi √is
823	√is	1	wish for	pari √is
824	√is	1	wish for	pati ā √is
825	√is	1	wish for	pati √is
826	√is	1	wish for	saṃ pati √is
827	√is	1	wish for	ā √is
828	√is	1	wish for	√is
829	√iss	1	be envious, jealous	√iss
830	√iñj	1	move, shake	saṃ √iñj
831	√iñj	1	move, shake	ā vi √iñj
832	√iñj	1	move, shake	√iñj
833	√jagg	1	look after	pati √jagg
834	√jagg	1	look after	√jagg
835	√jaggh	1	laugh	anu pa √jaggh
836	√jaggh	1	laugh	pa √jaggh
837	√jaggh	1	laugh	saṃ √jaggh
838	√jaggh	1	laugh	ud √jaggh
839	√jaggh	1	laugh	√jaggh
840	√jakkh	1	eat	√jakkh
841	√jal	1	shine, blaze	pa √jal
842	√jal	1	shine, blaze	ud √jal
843	√jal	1	shine, blaze	√jal
844	√jal	8	hide, conceal	√jal
845	√jambh	1	yawn, stretch, wake up	vi √jambh
846	√jambh	1	yawn, stretch, wake up	√jambh
847	√jan	3	be born, produce	abhi √jan
848	√jan	3	be born, produce	ni √jan
849	√jan	3	be born, produce	pa √jan
850	√jan	3	be born, produce	pati ā √jan
851	√jan	3	be born, produce	pati √jan
852	√jan	3	be born, produce	saṃ √jan
853	√jan	3	be born, produce	vi √jan
854	√jan	3	be born, produce	ā √jan
855	√jan	3	be born, produce	√jan
856	√japp	1	mutter, pray	abhi √japp
857	√japp	1	mutter, pray	pa √japp
858	√japp	1	mutter, pray	√japp
859	√jar	1	age	nī √jar
860	√jar	1	age	√jar
861	√jaṭ	1	twist, tangle	vi √jaṭ
862	√jaṭ	1	twist, tangle	√jaṭ
863	√jhap	8	burn, blaze	√jhap
864	√jhe	1	burn, blaze	vi √jhe
865	√jhe	1	burn, blaze	√jhe
866	√jhe	1	think	ā √jhe
867	√jhā	3	think, meditate	abhi √jhā
868	√jhā	3	think, meditate	apa √jhā
869	√jhā	3	think, meditate	ava √jhā
870	√jhā	3	think, meditate	ni √jhā
871	√jhā	3	think, meditate	pa √jhā
872	√jhā	3	think, meditate	saṃ pa √jhā
873	√jhā	3	think, meditate	upa ni √jhā
874	√jhā	3	think, meditate	√jhā
875	√ji	1	conquer	abhi √ji
876	√ji	1	conquer	ni √ji
877	√ji	1	conquer	parā √ji
878	√ji	1	conquer	√ji
879	√ji	1	overpower	saṃ √ji
880	√ji	1	overpower	vi √ji
881	√ji	1	overpower	√ji
882	√ji	5	conquer	abhi vi √ji
883	√ji	5	conquer	apa √ji
884	√ji	5	conquer	ava √ji
885	√ji	5	conquer	parā √ji
886	√ji	5	conquer	vi √ji
887	√ji	5	conquer	√ji
888	√ju	1	be fast	abhi √ju
889	√ju	1	be fast	ava √ju
890	√ju	1	be fast	ud √ju
891	√ju	1	be fast	ā √ju
892	√ju	1	be fast	√ju
893	√jus	6	like, please	√jus
894	√jut	1	shine	pa √jut
895	√jut	1	shine	ud √jut
896	√jut	1	shine	vi √jut
897	√jut	1	shine	√jut
898	√jāgar	1	be awake, watchful	√jāgar
899	√jāgar	7	be awake, watchful	pati √jāgar
900	√jī	3	age, decay	ava √jī
901	√jī	3	age, decay	√jī
902	√jīr	1	grow old, decay	nī √jīr
903	√jīr	1	grow old, decay	pari √jīr
904	√jīr	1	grow old, decay	√jīr
905	√jīv	1	live	anu √jīv
906	√jīv	1	live	saṃ √jīv
907	√jīv	1	live	upa √jīv
908	√jīv	1	live	ā √jīv
909	√jīv	1	live	√jīv
910	√kal	1	calculate, add	√kal
911	√kal	8	accomplish	√kal
912	√kal	8	spend time	√kal
913	√kalah	1	argue	√kalah
914	√kam	1	go	abhi nī √kam
915	√kam	1	go	abhi √kam
916	√kam	1	go	anu √kam
917	√kam	1	go	apa √kam
918	√kam	1	go	ati √kam
919	√kam	1	go	ava √kam
920	√kam	1	go	nī √kam
921	√kam	1	go	pa √kam
922	√kam	1	go	pari √kam
923	√kam	1	go	parā √kam
924	√kam	1	go	pati √kam
925	√kam	1	go	saṃ ati √kam
926	√kam	1	go	saṃ √kam
927	√kam	1	go	upa nī √kam
928	√kam	1	go	upa saṃ √kam
929	√kam	1	go	upa √kam
930	√kam	1	go	vi ati √kam
931	√kam	1	go	vi ud √kam
932	√kam	1	go	vi √kam
933	√kam	1	go	ā √kam
934	√kam	1	go	√kam
935	√kam	8	desire	ni √kam
936	√kam	8	desire	ā √kam
937	√kam	8	desire	√kam
938	√kamp	1	shake, tremble	anu √kamp
939	√kamp	1	shake, tremble	ava √kamp
940	√kamp	1	shake, tremble	pa √kamp
941	√kamp	1	shake, tremble	saṃ pa √kamp
942	√kamp	1	shake, tremble	saṃ √kamp
943	√kamp	1	shake, tremble	vi √kamp
944	√kamp	1	shake, tremble	ā √kamp
945	√kamp	1	shake, tremble	√kamp
946	√kan	1	shine, like	√kan
947	√kand	1	wail, cry out	vi √kand
948	√kand	1	wail, cry out	ā √kand
949	√kand	1	wail, cry out	√kand
950	√kap	1	take pity	√kap
951	√kapp	1	be fit, be suitable	pari √kapp
952	√kapp	1	be fit, be suitable	upa √kapp
953	√kapp	1	be fit, be suitable	vi √kapp
954	√kapp	1	be fit, be suitable	ā √kapp
955	√kapp	1	be fit, be suitable	√kapp
956	√kapp	8	think	ava √kapp
957	√kapp	8	think	pa √kapp
958	√kapp	8	think	pari √kapp
959	√kapp	8	think	saṃ √kapp
960	√kapp	8	think	vi √kapp
961	√kapp	8	think	√kapp
962	√kar	7	do, make	abhi saṃ √kar
963	√kar	7	do, make	adhi √kar
964	√kar	7	do, make	adho √kar
965	√kar	7	do, make	alaṃ √kar
966	√kar	7	do, make	anu √kar
967	√kar	7	do, make	apa √kar
968	√kar	7	do, make	ava √kar
969	√kar	7	do, make	ni saṃ √kar
970	√kar	7	do, make	ni √kar
971	√kar	7	do, make	nī ā √kar
972	√kar	7	do, make	pa ā √kar
973	√kar	7	do, make	pa √kar
974	√kar	7	do, make	pari √kar
975	√kar	7	do, make	pati saṃ √kar
976	√kar	7	do, make	pati upa √kar
977	√kar	7	do, make	pati ā √kar
978	√kar	7	do, make	pati √kar
979	√kar	7	do, make	puna √kar
980	√kar	7	do, make	pura √kar
981	√kar	7	do, make	pure √kar
982	√kar	7	do, make	pātu √kar
983	√kar	7	do, make	sacchi √kar
984	√kar	7	do, make	sat √kar
985	√kar	7	do, make	saṃ alaṃ √kar
986	√kar	7	do, make	saṃ √kar
987	√kar	7	do, make	upa √kar
988	√kar	7	do, make	vi ava √kar
989	√kar	7	do, make	vi pa √kar
990	√kar	7	do, make	vi saṃ √kar
991	√kar	7	do, make	vi ā √kar
992	√kar	7	do, make	vi √kar
993	√kar	7	do, make	vinā √kar
994	√kar	7	do, make	ā √kar
995	√kar	7	do, make	āvi √kar
996	√kar	7	do, make	√kar
997	√kas	1	drag, draw	apa √kas
998	√kas	1	drag, draw	ati ava √kas
999	√kas	1	drag, draw	ava √kas
1000	√kas	1	drag, draw	pari √kas
1001	√kas	1	drag, draw	saṃ ud √kas
1002	√kas	1	drag, draw	ud √kas
1003	√kas	1	drag, draw	upa √kas
1004	√kas	1	drag, draw	vi upa √kas
1005	√kas	1	drag, draw	√kas
1006	√kas	1	hurt, trouble	√kas
1007	√kass	1	drag, draw along	apa √kass
1008	√kass	1	drag, draw along	ava √kass
1009	√kass	1	drag, draw along	pari √kass
1010	√kass	1	drag, draw along	pati √kass
1011	√kass	1	drag, draw along	ā √kass
1012	√kass	1	drag, draw along	√kass
1013	√kat	2	cut	anu √kat
1014	√kat	2	cut	ava √kat
1015	√kat	2	cut	ni √kat
1016	√kat	2	cut	nī √kat
1017	√kat	2	cut	pari √kat
1018	√kat	2	cut	pati √kat
1019	√kat	2	cut	saṃ √kat
1020	√kat	2	cut	ud √kat
1021	√kat	2	cut	vi √kat
1022	√kat	2	cut	√kat
1023	√kath	8	speak, narrate	saṃ √kath
1024	√kath	8	speak, narrate	√kath
1025	√katth	1	boast	vi √katth
1026	√katth	1	boast	√katth
1027	√kañc	1	bind, cover	√kañc
1028	√kañc	1	shine	√kañc
1029	√kaḍḍh	1	drag, plough	apa √kaḍḍh
1030	√kaḍḍh	1	drag, plough	ati √kaḍḍh
1031	√kaḍḍh	1	drag, plough	ava √kaḍḍh
1032	√kaḍḍh	1	drag, plough	nī √kaḍḍh
1033	√kaḍḍh	1	drag, plough	pari √kaḍḍḥ
1034	√kaḍḍh	1	drag, plough	saṃ pari √kaḍḍh
1035	√kaḍḍh	1	drag, plough	saṃ ā √kaḍḍh
1036	√kaḍḍh	1	drag, plough	saṃ √kaḍḍh
1037	√kaḍḍh	1	drag, plough	upa √kaḍḍh
1038	√kaḍḍh	1	drag, plough	ā √kaḍḍh
1039	√kaḍḍh	1	drag, plough	√kaḍḍh
1040	√kaṅkh	1	doubt	√kakh
1041	√kaṅkh	1	wish for	abhi √kakh
1042	√kaṅkh	1	wish for	anu √kakh
1043	√kaṅkh	1	wish for	ava √kakh
1044	√kaṅkh	1	wish for	pati √kakh
1045	√kaṅkh	1	wish for	ā √kakh
1046	√kaṅkh	1	wish for	√kakh
1047	√kaṇ	1	make sound	√kaṇ
1048	√kaṇḍ	8	break, pierce	ud √kaṇḍ
1049	√kaṇḍ	8	break, pierce	√kaṇḍ
1050	√kaṭh	2	live in distress	ud √kaṭh
1051	√khac	1	adorn, inlay	√khac
1052	√khal	1	accumulate	saṃ √khal
1053	√khal	1	stumble, make mistake	pa √khal
1054	√khal	1	stumble, make mistake	upa √khal
1055	√khal	1	stumble, make mistake	vi √khal
1056	√khal	1	stumble, make mistake	√khal
1057	√khal	8	clean, rinse	pa √khal
1058	√khal	8	clean, rinse	vi √khal
1059	√khal	8	clean, rinse	√khal
1060	√kham	1	tolerate, endure	√kham
1061	√khambh	1	prop, be stiff	vi √khambh
1062	√khambh	1	prop, be stiff	√khambh
1063	√khan	1	hurt, break	pari √khan
1064	√khan	1	hurt, break	√khan
1065	√khand	1	jump up, pile up	anu pa √khand
1066	√khand	1	jump up, pile up	pa √khand
1067	√khand	1	jump up, pile up	√khand
1068	√khar	1	perish, break apart	√khar
1069	√khañj	1	limp	√khañj
1070	√khaṇ	1	dig	abhi √khaṇ
1071	√khaṇ	1	dig	ni √khaṇ
1072	√khaṇ	1	dig	pari √khaṇ
1073	√khaṇ	1	dig	√khaṇ
1074	√khaṇḍ	8	break	√khaṇḍ
1075	√khi	1	live, abide peacefully	antara √khi
1076	√khi	1	live, abide peacefully	√khi
1077	√khip	1	sneeze	√khip
1078	√khip	1	throw	abhi ni √khip
1079	√khip	1	throw	ava √khip
1080	√khip	1	throw	ni √khip
1081	√khip	1	throw	pa √khip
1082	√khip	1	throw	pari √khip
1083	√khip	1	throw	pati √khip
1084	√khip	1	throw	saṃ √khip
1085	√khip	1	throw	ud √khip
1086	√khip	1	throw	upa ni √khip
1087	√khip	1	throw	vi √khip
1088	√khip	1	throw	√khip
1089	√khubh	1	shake, agitate	saṃ √khubh
1090	√khubh	1	shake, agitate	vi √khubh
1091	√khubh	1	shake, agitate	√khubh
1092	√khud	1	be hungry	√khud
1093	√khur	1	cut	√khur
1094	√khuṃs	8	insult	√khuṃs
1095	√khyā	1	announce	saṃ √khyā
1096	√khyā	1	announce	vi ā √khyā
1097	√khyā	1	announce	ā √khyā
1098	√khyā	1	announce	√khyā
1099	√khā	1	tell, announce	abhi ā √khā
1100	√khā	1	tell, announce	pati saṃ √khā
1101	√khā	1	tell, announce	pati ā √khā
1102	√khā	1	tell, announce	saṃ √khā
1103	√khā	1	tell, announce	upa saṃ √khā
1104	√khā	1	tell, announce	ā √khā
1105	√khā	1	tell, announce	√khā
1106	√khād	1	chew	ni √khād
1107	√khād	1	chew	saṃ √khād
1108	√khād	1	chew	√khād
1109	√khī	1	destroy, exhaust	ati √khī
1110	√khī	1	destroy, exhaust	ava √khī
1111	√khī	1	destroy, exhaust	pari √khī
1112	√khī	1	destroy, exhaust	saṃ √khī
1113	√khī	1	destroy, exhaust	vi √khī
1114	√khī	1	destroy, exhaust	√khī
1115	√kilam	1	be weary	pari √kilam
1116	√kilam	1	be weary	√kilam
1117	√kilid	3	be wet	√kilid
1118	√kilis	3	be dirty, be molested	pari √kilis
1119	√kilis	3	be dirty, be molested	saṃ √kilis
1120	√kilis	3	be dirty, be molested	upa √kilis
1121	√kilis	3	be dirty, be molested	√kilis
1122	√kir	1	scatter, sprinkle	abhi ava √kir
1123	√kir	1	scatter, sprinkle	abhi pa √kir
1124	√kir	1	scatter, sprinkle	abhi ud √kir
1125	√kir	1	scatter, sprinkle	abhi √kir
1126	√kir	1	scatter, sprinkle	adhi ava √kir
1127	√kir	1	scatter, sprinkle	anu √kir
1128	√kir	1	scatter, sprinkle	ava √kir
1129	√kir	1	scatter, sprinkle	pa √kir
1130	√kir	1	scatter, sprinkle	pari √kir
1131	√kir	1	scatter, sprinkle	saṃ ava √kir
1132	√kir	1	scatter, sprinkle	saṃ pari √kir
1133	√kir	1	scatter, sprinkle	saṃ ā √kir
1134	√kir	1	scatter, sprinkle	saṃ √kir
1135	√kir	1	scatter, sprinkle	vi ava √kir
1136	√kir	1	scatter, sprinkle	vi pa √kir
1137	√kir	1	scatter, sprinkle	vi √kir
1138	√kir	1	scatter, sprinkle	ā √kir
1139	√kir	1	scatter, sprinkle	√kir
1140	√kis	1	be thin	√kis
1141	√kit	1	heal, cure	√kit
1142	√kit	1	know, doubt	saṃ √kit
1143	√kit	1	know, doubt	√kit
1144	√kit	1	live	ni √kit
1145	√kitt	8	make known	pa √kitt
1146	√kitt	8	make known	pari √kitt
1147	√kitt	8	make known	saṃ √kitt
1148	√kitt	8	make known	√kitt
1149	√ku	1	sing, sound	√ku
1150	√kucch	8	revile	√kucch
1151	√kudh	3	be angry	pati √kudh
1152	√kudh	3	be angry	√kudh
1153	√kuh	8	deceive	√kuh
1154	√kujj	1	turn	ava √kujj
1155	√kujj	1	turn	nī √kujj
1156	√kujj	1	turn	pati √kujj
1157	√kujj	1	turn	ud √kujj
1158	√kul	1	be close	saṃ ā √kul
1159	√kul	1	be close	saṃ √kul
1160	√kul	1	be close	vi ā √kul
1161	√kul	1	be close	ā √kul
1162	√kul	1	be close	√kul
1163	√kumār	8	play	√kumār
1164	√kunth	1	hurt, cause pain	√kunth
1165	√kup	3	shake, be angry	pa √kup
1166	√kup	3	shake, be angry	pari √kup
1167	√kup	3	shake, be angry	saṃ √kup
1168	√kup	3	shake, be angry	vi √kup
1169	√kup	3	shake, be angry	√kup
1170	√kur	1	sound	√kur
1171	√kus	1	call, insult	pa √kus
1172	√kus	1	call, insult	pati ā √kus
1173	√kus	1	call, insult	pati √kus
1174	√kus	1	call, insult	upa √kus
1175	√kus	1	call, insult	ā √kus
1176	√kus	1	call, insult	√kus
1177	√kus	1	cut, tear	√kus
1178	√kus	1	fill, enfold	√kus
1179	√kuth	1	boil, burn	pa √kuth
1180	√kuth	1	boil, burn	ud √kuth
1181	√kuth	1	boil, burn	√kuth
1182	√kuñc	1	bend, be crooked	√kuñc
1183	√kuṇ	8	be bent, crooked	vi √kuṇ
1184	√kuṇ	8	be bent, crooked	√kuṇ
1185	√kuṇḍ	1	bend, mutilate	√kuṇḍ
1186	√kuṭ	1	be crooked, bent	ava √kuṭ
1187	√kuṭ	1	be crooked, bent	ni √kuṭ
1188	√kuṭ	1	be crooked, bent	pati √kuṭ
1189	√kuṭ	1	be crooked, bent	ud √kuṭ
1190	√kuṭ	1	be crooked, bent	√kuṭ
1191	√kuṭ	8	knock, beat	pati ā √kuṭ
1192	√kuṭ	8	knock, beat	ā √kuṭ
1193	√kuṭṭ	8	smash, powder	adhi √kuṭṭ
1194	√kuṭṭ	8	smash, powder	pati √kuṭṭ
1195	√kuṭṭ	8	smash, powder	√kuṭṭ
1196	√kās	1	cough	ud √kās
1197	√kās	1	cough	√kās
1198	√kās	1	shine, be visible	abhi ava √kās
1199	√kās	1	shine, be visible	adhi ava √kās
1200	√kās	1	shine, be visible	ava √kās
1201	√kās	1	shine, be visible	ni √kās
1202	√kās	1	shine, be visible	pa √kās
1203	√kās	1	shine, be visible	saṃ ni √kās
1204	√kās	1	shine, be visible	saṃ √kās
1205	√kās	1	shine, be visible	vi √kās
1206	√kās	1	shine, be visible	ā √kās
1207	√kās	1	shine, be visible	√kās
1208	√kī	5	buy	vi √kī
1209	√kī	5	buy	√kī
1210	√kīḷ	1	play	ni √kīḷ
1211	√kīḷ	1	play	√kīḷ
1212	√kūj	1	make sound	abhi ni √kūj
1213	√kūj	1	make sound	abhi √kūj
1214	√kūj	1	make sound	ni √kūj
1215	√kūj	1	make sound	upa √kūj
1216	√kūj	1	make sound	vi √kūj
1217	√kūj	1	make sound	√kūj
1218	√kūl	1	obstruct, embank	anu √kūl
1219	√kūl	1	obstruct, embank	pati √kūl
1220	√kūl	1	obstruct, embank	√kūl
1221	√labh	1	get	pati ā √labh
1222	√labh	1	get	pati √labh
1223	√labh	1	get	upa √labh
1224	√labh	1	get	√labh
1225	√lagg	1	stick, adhere	ava √lagg
1226	√lagg	1	stick, adhere	vi √lagg
1227	√lagg	1	stick, adhere	ā √lagg
1228	√lagg	1	stick, adhere	√lagg
1229	√lagh	2	lift up, jump	ud √lagh
1230	√lagh	2	lift up, jump	vi √lagh
1231	√lagh	2	lift up, jump	√lagh
1232	√lajj	1	be ashamed	√lajj
1233	√lakkh	8	mark	abhi √lakkh
1234	√lakkh	8	mark	ava √lakkh
1235	√lakkh	8	mark	saṃ √lakkh
1236	√lakkh	8	mark	upa √lakkh
1237	√lakkh	8	mark	vi √lakkh
1238	√lakkh	8	mark	√lakkh
1239	√lamb	1	hang	adhi ava √lamb
1240	√lamb	1	hang	apa ā √lamb
1241	√lamb	1	hang	ava √lamb
1242	√lamb	1	hang	vi √lamb
1243	√lamb	1	hang	ā √lamb
1244	√lamb	1	hang	√lamb
1245	√lap	1	speak, chat	abhi √lap
1246	√lap	1	speak, chat	pa √lap
1247	√lap	1	speak, chat	saṃ ud √lap
1248	√lap	1	speak, chat	saṃ √lap
1249	√lap	1	speak, chat	ud √lap
1250	√lap	1	speak, chat	upa √lap
1251	√lap	1	speak, chat	vi pa √lap
1252	√lap	1	speak, chat	vi √lap
1253	√lap	1	speak, chat	ā √lap
1254	√lap	1	speak, chat	√lap
1255	√las	1	shine, be active	vi √las
1256	√las	1	shine, be active	√las
1257	√laḷ	1	play, move about	apa √laḷ
1258	√laḷ	1	play, move about	nī √laḷ
1259	√laḷ	1	play, move about	pa √laḷ
1260	√laḷ	1	play, move about	upa √laḷ
1261	√lih	1	lick, lap	apa √lih
1262	√lih	1	lick, lap	ava √lih
1263	√lih	1	lick, lap	nī √lih
1264	√lih	1	lick, lap	pa √lih
1265	√lih	1	lick, lap	√lih
1266	√likh	1	scratch, write	abhi saṃ √likh
1267	√likh	1	scratch, write	adhi saṃ √likh
1268	√likh	1	scratch, write	apa √likh
1269	√likh	1	scratch, write	ava √likh
1270	√likh	1	scratch, write	saṃ √likh
1271	√likh	1	scratch, write	ud √likh
1272	√likh	1	scratch, write	vi √likh
1273	√likh	1	scratch, write	ā √likh
1274	√likh	1	scratch, write	√likh
1275	√lip	2	coat, smear	abhi √lip
1276	√lip	2	coat, smear	anu √lip
1277	√lip	2	coat, smear	ava √lip
1278	√lip	2	coat, smear	pa √lip
1279	√lip	2	coat, smear	saṃ √lip
1280	√lip	2	coat, smear	ud √lip
1281	√lip	2	coat, smear	upa √lip
1282	√lip	2	coat, smear	vi √lip
1283	√lip	2	coat, smear	ā √lip
1284	√lip	2	coat, smear	√lip
1285	√lis	3	be small	√lis
1286	√liṅg	1	embrace	ā √liṅg
1287	√liṅg	1	embrace	√liṅg
1288	√liṅg	8	differentiate sexually	√liṅg
1289	√loc	8	see, illuminate	ā √loc
1290	√loc	8	see, illuminate	√loc
1291	√lok	8	look	anu vi √lok
1292	√lok	8	look	anu √lok
1293	√lok	8	look	apa √lok
1294	√lok	8	look	ava √lok
1295	√lok	8	look	nī √lok
1296	√lok	8	look	ud √lok
1297	√lok	8	look	vi ava √lok
1298	√lok	8	look	vi √lok
1299	√lok	8	look	ā √lok
1300	√lok	8	look	√lok
1301	√lu	5	cut, reap, mow	vi √lu
1302	√lu	5	cut, reap, mow	√lu
1303	√lubh	1	fool, bewilder	pa √lubh
1304	√lubh	3	be greedy	pa √lubh
1305	√lubh	3	be greedy	√lubh
1306	√luj	3	be broken apart	ava √luj
1307	√luj	3	be broken apart	pa √luj
1308	√luj	3	be broken apart	vi pa √luj
1309	√luj	3	be broken apart	vi √luj
1310	√luj	3	be broken apart	√luj
1311	√lup	2	cut off, rob	nī √lup
1312	√lup	2	cut off, rob	ud √lup
1313	√lup	2	cut off, rob	vi √lup
1314	√lup	2	cut off, rob	ā √lup
1315	√lup	2	cut off, rob	√lup
1316	√luñc	1	pluck out, tear	√luñc
1317	√luḷ	1	agitate, be greedy	ud √luḷ
1318	√luḷ	1	agitate, be greedy	vi √luḷ
1319	√luḷ	1	agitate, be greedy	ā √luḷ
1320	√luḷ	1	agitate, be greedy	√luḷ
1321	√lī	3	stick, hide	ava √lī
1322	√lī	3	stick, hide	ni √lī
1323	√lī	3	stick, hide	pati saṃ √lī
1324	√lī	3	stick, hide	pati √lī
1325	√lī	3	stick, hide	saṃ √lī
1326	√lī	3	stick, hide	vi √lī
1327	√lī	3	stick, hide	ā √lī
1328	√lī	3	stick, hide	√lī
1329	√lī	5	stick, hide	pati √lī
1330	√mac	1	hold up, support	√mac
1331	√mad	3	be mad, intoxicated	pa √mad
1332	√mad	3	be mad, intoxicated	saṃ √mad
1333	√mad	3	be mad, intoxicated	ud √mad
1334	√mad	3	be mad, intoxicated	√mad
1335	√madd	1	crush, grind	abhi ni √madd
1336	√madd	1	crush, grind	abhi √madd
1337	√madd	1	crush, grind	adhi ava √madd
1338	√madd	1	crush, grind	ava √madd
1339	√madd	1	crush, grind	ni √madd
1340	√madd	1	crush, grind	pa √madd
1341	√madd	1	crush, grind	pari √madd
1342	√madd	1	crush, grind	saṃ √mad
1343	√madd	1	crush, grind	ā √madd
1344	√madd	1	crush, grind	√madd
1345	√magg	8	seek, search	ud √magg
1346	√magg	8	seek, search	√magg
1347	√mah	1	increase	√mah
1348	√mah	1	venerate	√mah
1349	√majj	1	rub, polish	anu ava √majj
1350	√majj	1	rub, polish	anu √majj
1351	√majj	1	rub, polish	pari √majj
1352	√majj	1	rub, polish	saṃ √majj
1353	√majj	1	rub, polish	vi √majj
1354	√majj	1	rub, polish	√majj
1355	√makkh	8	smear	ava √makkh
1356	√makkh	8	smear	saṃ √makkh
1357	√makkh	8	smear	√makkh
1358	√mal	1	dirty, stain	√mal
1359	√man	3	think	abhi √man
1360	√man	3	think	anu √man
1361	√man	3	think	ati √man
1362	√man	3	think	ava √man
1363	√man	3	think	ni √man
1364	√man	3	think	pari √man
1365	√man	3	think	pati √man
1366	√man	3	think	saṃ √man
1367	√man	3	think	vi √man
1368	√man	3	think	√man
1369	√mant	8	counsel, invite	abhi ni √mant
1370	√mant	8	counsel, invite	ni √mant
1371	√mant	8	counsel, invite	pati √mant
1372	√mant	8	counsel, invite	saṃ √mant
1373	√mant	8	counsel, invite	ā √mant
1374	√mant	8	counsel, invite	√mant
1375	√manth	1	shake, crush	abhi √manth
1376	√manth	1	shake, crush	ni √manth
1377	√manth	1	shake, crush	√manth
1378	√mar	1	die	√mar
1379	√mas	1	buzz, hum	√mas
1380	√mas	1	touch, rub	anu √mas
1381	√mas	1	touch, rub	ava √mas
1382	√mas	1	touch, rub	pari √mas
1383	√mas	1	touch, rub	parā √mas
1384	√mas	1	touch, rub	pati √mas
1385	√mas	1	touch, rub	saṃ √mas
1386	√mas	1	touch, rub	ā √mas
1387	√math	1	churn, stir	nī √math
1388	√math	1	churn, stir	pa √math
1389	√math	1	churn, stir	√math
1390	√maṅg	1	be auspicious	abhi √maṅg
1391	√maṅg	1	be auspicious	ava √maṅg
1392	√maṅg	1	be auspicious	ud √maṅg
1393	√maṅg	1	be auspicious	√maṅg
1394	√maṇḍ	1	adorn	pati √maṇḍ
1395	√maṇḍ	1	adorn	√maṇḍ
1396	√medh	1	be wise	√medh
1397	√medh	1	hurt, harm	√medh
1398	√mhi	1	smile	vi √mhi
1399	√mid	3	be fat	√mid
1400	√migh	1	sprinkle, shower	√migh
1401	√mih	1	smile, chuckle	√mih
1402	√mih	1	urinate, excrete	ud √mih
1403	√mih	1	urinate, excrete	√mih
1404	√milā	3	shrink, wither	saṃ √milā
1405	√milā	3	shrink, wither	√milā
1406	√miss	8	mix, mingle	saṃ √miss
1407	√miss	8	mix, mingle	vi ava √miss
1408	√miss	8	mix, mingle	√miss
1409	√mith	1	pair	√mith
1410	√mitt	1	be friendly	pati ā √mitt
1411	√mitt	1	be friendly	√mitt
1412	√mokkh	1	be freed	adhi √mokkh
1413	√mokkh	1	be freed	ni √mokkh
1414	√mokkh	1	be freed	pa ati √mokkh
1415	√mokkh	1	be freed	pa √mokkh
1416	√mokkh	1	be freed	vi √mokkh
1417	√mokkh	1	be freed	√mokkh
1418	√muc	2	release, free	adhi √muc
1419	√muc	2	release, free	ava √muc
1420	√muc	2	release, free	pa √muc
1421	√muc	2	release, free	pari √muc
1422	√muc	2	release, free	pati √muc
1423	√muc	2	release, free	ud √muc
1424	√muc	2	release, free	vi ni √muc
1425	√muc	2	release, free	vi pa √muc
1426	√muc	2	release, free	vi √muc
1427	√muc	2	release, free	ā √muc
1428	√muc	2	release, free	√muc
1429	√mucch	1	thicken, fixate	adhi √mucch
1430	√mucch	1	thicken, fixate	pa √mucch
1431	√mucch	1	thicken, fixate	saṃ √mucch
1432	√mucch	1	thicken, fixate	√mucch
1433	√mud	1	be soft, happy	abhi anu √mud
1434	√mud	1	be soft, happy	abhi pa √mud
1435	√mud	1	be soft, happy	anu √mud
1436	√mud	1	be soft, happy	pa √mud
1437	√mud	1	be soft, happy	pati saṃ √mud
1438	√mud	1	be soft, happy	saṃ anu √mud
1439	√mud	1	be soft, happy	saṃ √mud
1440	√mud	1	be soft, happy	ā √mud
1441	√mud	1	be soft, happy	√mud
1442	√muh	3	be deluded, confused	pa √muh
1443	√muh	3	be deluded, confused	saṃ pa √muh
1444	√muh	3	be deluded, confused	saṃ √muh
1445	√muh	3	be deluded, confused	vi √muh
1446	√muh	3	be deluded, confused	√muh
1447	√mujj	1	dive, sink, submerge	ni √mujj
1448	√mujj	1	dive, sink, submerge	ud √mujj
1449	√mun	5	think, know	saṃ √mun
1450	√mun	5	think, know	√mun
1451	√mus	1	steal	vi parā √mus
1452	√mus	1	steal	√mus
1453	√mus	3	lie, forget	pa √mus
1454	√mus	3	lie, forget	saṃ √mus
1455	√mus	3	lie, forget	√mus
1456	√muṇḍ	1	be bald, shave	√muṇḍ
1457	√mā	5	measure	abhi nī √mā
1458	√mā	5	measure	abhi √mā
1459	√mā	5	measure	adhi √mā
1460	√mā	5	measure	anu √mā
1461	√mā	5	measure	ni √mā
1462	√mā	5	measure	nī √mā
1463	√mā	5	measure	pa √mā
1464	√mā	5	measure	pari √mā
1465	√mā	5	measure	upa √mā
1466	√mā	5	measure	vi √mā
1467	√mā	5	measure	√mā
1468	√mīl	8	close eyes	ni √mīl
1469	√mīl	8	close eyes	ud √mīl
1470	√mūl	1	support	√mūl
1471	√mūl	8	mow, reap	ud √mūl
1472	√nabh	1	burst, split	√nabh
1473	√nad	1	roar	abhi √nad
1474	√nad	1	roar	nī √nad
1475	√nad	1	roar	ud √nad
1476	√nad	1	roar	√nad
1477	√nadh	2	twist around, envelop	api √nadh
1478	√nadh	2	twist around, envelop	ava √nadh
1479	√nadh	2	twist around, envelop	pari ava √nadh
1480	√nadh	2	twist around, envelop	vi √nadh
1481	√nadh	2	twist around, envelop	√nadh
1482	√nah	3	bind, arm	ava √nah
1483	√nah	3	bind, arm	saṃ √nah
1484	√nah	3	bind, arm	upa √nah
1485	√nah	3	bind, arm	√nah
1486	√nakkh	1	attain, arrive	√nakkh
1487	√nam	1	bend	abhi nī √nam
1488	√nam	1	bend	abhi ud √nam
1489	√nam	1	bend	abhi √nam
1490	√nam	1	bend	apa √nam
1491	√nam	1	bend	ati √nam
1492	√nam	1	bend	ava √nam
1493	√nam	1	bend	ni √nam
1494	√nam	1	bend	nī √nam
1495	√nam	1	bend	pa ava √nam
1496	√nam	1	bend	pa √nam
1497	√nam	1	bend	pari √nam
1498	√nam	1	bend	pati pa √nam
1499	√nam	1	bend	saṃ √nam
1500	√nam	1	bend	ud √nam
1501	√nam	1	bend	upa √nam
1502	√nam	1	bend	vi ati √nam
1503	√nam	1	bend	vi pari √nam
1504	√nam	1	bend	vi √nam
1505	√nam	1	bend	√nam
1506	√namass	1	bow, worship	√namass
1507	√nand	1	delight, enjoy	abhi √nand
1508	√nand	1	delight, enjoy	pati √nand
1509	√nand	1	delight, enjoy	ā √nand
1510	√nand	1	delight, enjoy	√nand
1511	√nas	3	be lost, disappear	pa √nas
1512	√nas	3	be lost, disappear	vi √nas
1513	√nas	3	be lost, disappear	√nas
1514	√nat	3	dance, act	pa √nat
1515	√nat	3	dance, act	√nat
1516	√naṭ	1	dance, act	√naṭ
1517	√nhā	3	bathe	ni √nhā
1518	√nhā	3	bathe	√nhā
1519	√nind	1	blame, abuse	√nind
1520	√nud	1	drive out, reject	apa √nud
1521	√nud	1	drive out, reject	pa √nud
1522	√nud	1	drive out, reject	pati vi √nud
1523	√nud	1	drive out, reject	vi √nud
1524	√nud	1	drive out, reject	√nud
1525	√nāth	1	have power, protect	√nāth
1526	√nī	1	lead	anu ā √nī
1527	√nī	1	lead	pari √nī
1528	√nī	1	lead	pati vi √nī
1529	√nī	1	lead	upa √nī
1530	√nī	1	lead	vi √nī
1531	√nī	1	lead	ā √nī
1532	√nī	1	lead	√nī
1533	√nī	1	lead, carry	abhi √nī
1534	√nī	1	lead, carry	anu √nī
1535	√nī	1	lead, carry	apa √nī
1536	√nī	1	lead, carry	ava √nī
1537	√nī	1	lead, carry	nī √nī
1538	√nī	1	lead, carry	pa √nī
1539	√nī	1	lead, carry	pari √nī
1540	√nī	1	lead, carry	pati vi √nī
1541	√nī	1	lead, carry	pati √nī
1542	√nī	1	lead, carry	saṃ ā √nī
1543	√nī	1	lead, carry	saṃ √nī
1544	√nī	1	lead, carry	ud √nī
1545	√nī	1	lead, carry	upa √nī
1546	√nī	1	lead, carry	vi √nī
1547	√nī	1	lead, carry	ā √nī
1548	√nī	1	lead, carry	√nī
1549	√nīl	1	be blue	vi √nīl
1550	√nīl	1	be blue	√nīl
1551	√pac	1	cook	pari √pac
1552	√pac	1	cook	√pac
1553	√pac	1	mature, ripen	pari √pac
1554	√pac	1	mature, ripen	saṃ √pac
1555	√pac	1	mature, ripen	vi √pac
1556	√pac	1	mature, ripen	√pac
1557	√pad	3	go, step	abhi ni √pad
1558	√pad	3	go, step	abhi nī √pad
1559	√pad	3	go, step	adhi ava √pad
1560	√pad	3	go, step	adhi ā √pad
1561	√pad	3	go, step	adhi √pad
1562	√pad	3	go, step	anu √pad
1563	√pad	3	go, step	ati √pad
1564	√pad	3	go, step	ni √pad
1565	√pad	3	go, step	nī √pad
1566	√pad	3	go, step	pari ā √pad
1567	√pad	3	go, step	pari √pad
1568	√pad	3	go, step	pati ud √pad
1569	√pad	3	go, step	pati √pad
1570	√pad	3	go, step	saṃ ud √pad
1571	√pad	3	go, step	saṃ ā √pad
1572	√pad	3	go, step	saṃ √pad
1573	√pad	3	go, step	ud √pad
1574	√pad	3	go, step	upa ni √pad
1575	√pad	3	go, step	upa saṃ √pad
1576	√pad	3	go, step	upa √pad
1577	√pad	3	go, step	vi pati √pad
1578	√pad	3	go, step	vi ā √pad
1579	√pad	3	go, step	vi √pad
1580	√pad	3	go, step	ā √pad
1581	√pad	3	go, step	√pad
1582	√pal	8	run away, flee	√pal
1583	√panth	1	go, move	pari √panth
1584	√panth	1	go, move	√panth
1585	√par	1	be active	vi ā √par
1586	√pas	1	tie, bind	√pas
1587	√pat	1	fall	abhi ni √pat
1588	√pat	1	fall	adhi √pat
1589	√pat	1	fall	anu √pat
1590	√pat	1	fall	ati √pat
1591	√pat	1	fall	ava √pat
1592	√pat	1	fall	ni √pat
1593	√pat	1	fall	pa √pat
1594	√pat	1	fall	pari √pat
1595	√pat	1	fall	saṃ ni √pat
1596	√pat	1	fall	saṃ √pat
1597	√pat	1	fall	ud √pat
1598	√pat	1	fall	upa √pat
1599	√pat	1	fall	vi ati √pat
1600	√pat	1	fall	vi ni √pat
1601	√pat	1	fall	ā √pat
1602	√pat	1	fall	√pat
1603	√pat	3	command, control	adhi √pat
1604	√pat	3	command, control	√pat
1605	√path	1	expand	√path
1606	√path	1	go, move	vi ā √path
1607	√path	1	go, move	√path
1608	√pañc	8	expand, spread	pa √pañc
1609	√pañc	8	expand, spread	vi √pañc
1610	√pañh	1	ask, question	pari √pañh
1611	√pañh	1	ask, question	√pañh
1612	√paṇ	1	trade, barter	ā √paṇ
1613	√paṇ	1	trade, barter	√paṇ
1614	√paṭ	1	go	pati √paṭ
1615	√paṭ	1	go	ud √paṭ
1616	√paṭ	1	split, tear	pa √paṭ
1617	√paṭ	1	split, tear	pari √paṭ
1618	√paṭ	1	split, tear	ud √paṭ
1619	√paṭ	1	split, tear	vi √paṭ
1620	√paṭ	8	wrap	√paṭ
1621	√paṭh	1	read, recite	√paṭh
1622	√phal	1	fruit, ripen	√phal
1623	√phal	1	split open	vi √phal
1624	√phal	1	split open	√phal
1625	√phand	1	shake, quiver	pari √phand
1626	√phand	1	shake, quiver	vi √phand
1627	√phand	1	shake, quiver	√phand
1628	√phar	1	suffuse, pervade	anu √phar
1629	√phar	1	suffuse, pervade	pari √phar
1630	√phar	1	suffuse, pervade	pati √phar
1631	√phar	1	suffuse, pervade	vi √phar
1632	√phar	1	suffuse, pervade	√phar
1633	√phaṇ	1	skim	√phaṇ
1634	√phull	1	expand, bloom	pari √phull
1635	√phull	1	expand, bloom	saṃ √phull
1636	√phull	1	expand, bloom	√phull
1637	√phus	1	sprinkle, splash	pari √phus
1638	√phus	1	sprinkle, splash	√phus
1639	√phus	1	touch	saṃ √phus
1640	√phus	1	touch	ā √phus
1641	√phus	1	touch	√phus
1642	√phuṭ	1	swell, burst	saṃ √phuṭ
1643	√phuṭ	1	swell, burst	√phuṭ
1644	√phuṭ	8	beat, smash	ni √phuṭ
1645	√phuṭ	8	beat, smash	pa √phuṭ
1646	√phuṭ	8	beat, smash	ā √phuṭ
1647	√phā	1	swell, get fat	√phā
1648	√pih	8	desire, envy	√pih
1649	√pis	2	grind, hurt	pati √pis
1650	√pis	2	grind, hurt	√pis
1651	√pis	8	send	anu √pis
1652	√pis	8	send	pati √pis
1653	√pis	8	send	√pis
1654	√pis	8	speak ill	nī √pis
1655	√pis	8	speak ill	√pis
1656	√piṇḍ	8	collect	saṃ √piṇḍ
1657	√piṇḍ	8	collect	√piṇḍ
1658	√piṭ	1	collect	√piṭ
1659	√plu	1	float, swim	ava √plu
1660	√plu	1	float, swim	ni √plu
1661	√plu	1	float, swim	pari √plu
1662	√plu	1	float, swim	saṃ √plu
1663	√plu	1	float, swim	ud √plu
1664	√plu	1	float, swim	√plu
1665	√plu	1	spring, swing	pari √plu
1666	√plu	1	spring, swing	√plu
1667	√pu	5	purify, cleanse	ava √pu
1668	√pu	5	purify, cleanse	√pu
1669	√pucch	1	ask, question	abhi √pucch
1670	√pucch	1	ask, question	anu √pucch
1671	√pucch	1	ask, question	pari √pucch
1672	√pucch	1	ask, question	pati √pucch
1673	√pucch	1	ask, question	saṃ √pucch
1674	√pucch	1	ask, question	ā √pucch
1675	√pucch	1	ask, question	√pucch
1676	√pul	8	increase	vi √pul
1677	√pupph	1	flower, expand	pa √pupph
1678	√pupph	1	flower, expand	saṃ √pupph
1679	√pupph	1	flower, expand	√pupph
1680	√pus	1	nourish, take care	anu √pos
1681	√pus	1	nourish, take care	√pus
1682	√puth	1	expand	√puth
1683	√puth	8	beat, hurt	ni √phut
1684	√puth	8	beat, hurt	pa √phut
1685	√puth	8	beat, hurt	ud √puth
1686	√puth	8	beat, hurt	ā √puth
1687	√puth	8	beat, hurt	√puth
1688	√puñch	1	wipe	√puñch
1689	√puṇ	1	be skilful, precise	ni √puṇ
1690	√puṇ	1	be skilful, precise	√puṇ
1691	√puṭ	1	wrap, envelop	√puṭ
1692	√pā	1	drink	ava √pā
1693	√pā	1	drink	pa √pā
1694	√pā	1	drink	ā √pā
1695	√pā	1	drink	√pā
1696	√pā	1	protect, guard	√pā
1697	√pāl	8	protect	abhi √pāl
1698	√pāl	8	protect	anu √pāl
1699	√pāl	8	protect	pari √pāl
1700	√pāl	8	protect	√pāl
1701	√pāy	1	increase	ā √pāy
1702	√pī	5	love, please	saṃ √pī
1703	√pī	5	love, please	√pī
1704	√pīḷ	8	press, crush	abhi nī √pīḷ
1705	√pīḷ	8	press, crush	abhi √pīḷ
1706	√pīḷ	8	press, crush	ava √pīḷ
1707	√pīḷ	8	press, crush	nī √pīḷ
1708	√pīḷ	8	press, crush	pari √pīḷ
1709	√pīḷ	8	press, crush	pati √pīḷ
1710	√pīḷ	8	press, crush	saṃ √pīḷ
1711	√pīḷ	8	press, crush	ud √pīḷ
1712	√pīḷ	8	press, crush	upa √pīḷ
1713	√pīḷ	8	press, crush	√pīḷ
1714	√pūj	8	honour, venerate	pati √pūj
1715	√pūj	8	honour, venerate	saṃ √pūj
1716	√pūj	8	honour, venerate	√pūj
1717	√pūr	1	fill, fulfil	abhi √pūr
1718	√pūr	1	fill, fulfil	pari √pūr
1719	√pūr	1	fill, fulfil	saṃ √pūr
1720	√pūr	1	fill, fulfil	ā √pūr
1721	√pūr	1	fill, fulfil	√pūr
1722	√pūy	1	rot, fester	√pūy
1723	√rabh	1	be aroused, violent	saṃ ā √rabh
1724	√rabh	1	be aroused, violent	saṃ √rabh
1725	√rabh	1	be aroused, violent	upa ā √rabh
1726	√rabh	1	be aroused, violent	vi √rabh
1727	√rabh	1	be aroused, violent	ā √rabh
1728	√rabh	1	begin	ati ā √rabh
1729	√rabh	1	begin	saṃ ā √rabh
1730	√rabh	1	begin	vi ā √rabh
1731	√rabh	1	begin	ā √rabh
1732	√rah	1	leave, desert	vi √rah
1733	√rah	1	leave, desert	√rah
1734	√raj	1	colour	vi √raj
1735	√raj	1	colour	ā √raj
1736	√raj	1	colour	√raj
1737	√raj	3	desire	abhi vi √raj
1738	√raj	3	desire	abhi √raj
1739	√raj	3	desire	anu √raj
1740	√raj	3	desire	saṃ √raj
1741	√raj	3	desire	vi √raj
1742	√raj	3	desire	√raj
1743	√rakkh	1	protect	abhi √rakkh
1744	√rakkh	1	protect	anu √rakkh
1745	√rakkh	1	protect	pa √rakkh
1746	√rakkh	1	protect	pari √rakkh
1747	√rakkh	1	protect	saṃ √rakkh
1748	√rakkh	1	protect	ā √rakkh
1749	√rakkh	1	protect	√rakkh
1750	√ram	1	delight, please	abhi √ram
1751	√ram	1	delight, please	ava √ram
1752	√ram	1	delight, please	ā √ram
1753	√ram	1	delight, please	√ram
1754	√ram	1	stop, abstain	pati vi √ram
1755	√ram	1	stop, abstain	upa √ram
1756	√ram	1	stop, abstain	vi √ram
1757	√ram	1	stop, abstain	ā √ram
1758	√randh	1	hurt, wound	√randh
1759	√ras	1	taste	√ras
1760	√rañj	1	dye, desire	anu √rañj
1761	√rañj	1	dye, desire	√rañj
1762	√rañj	1	scratch	abhi √raj
1763	√raṇ	1	conflict, make war	√raṇ
1764	√ric	2	empty	ati √ric
1765	√ric	2	empty	pa √ric
1766	√ric	2	empty	vi √ric
1767	√ric	2	empty	√ric
1768	√ris	1	hurt	√ris
1769	√ru	1	cry, howl	abhi √ru
1770	√ru	1	cry, howl	vi √ru
1771	√ru	1	cry, howl	√ru
1772	√ruc	1	shine, like	abhi √ruc
1773	√ruc	1	shine, like	ati √ruc
1774	√ruc	1	shine, like	vi √ruc
1775	√ruc	1	shine, like	ā √ruc
1776	√ruc	1	shine, like	√ruc
1777	√rud	1	cry	anu √rud
1778	√rud	1	cry	pa √rud
1779	√rud	1	cry	ā √rud
1780	√rud	1	cry	√rud
1781	√rudh	2	obstruct	ava √rudh
1782	√rudh	2	obstruct	ni √rudh
1783	√rudh	2	obstruct	pari √rudh
1784	√rudh	2	obstruct	pati vi √rudh
1785	√rudh	2	obstruct	upa √rudh
1786	√rudh	2	obstruct	vi ā √rudh
1787	√rudh	2	obstruct	vi √rudh
1788	√rudh	2	obstruct	√rudh
1789	√rudh	3	please, accept	anu √rudh
1790	√ruh	1	ascend, grow	abhi ni √ruh
1791	√ruh	1	ascend, grow	abhi √ruh
1792	√ruh	1	ascend, grow	adhi ā √ruh
1793	√ruh	1	ascend, grow	ava √ruh
1794	√ruh	1	ascend, grow	ni √ruh
1795	√ruh	1	ascend, grow	pa √ruh
1796	√ruh	1	ascend, grow	pati ava √ruh
1797	√ruh	1	ascend, grow	pati vi √ruh
1798	√ruh	1	ascend, grow	pati ā √ruh
1799	√ruh	1	ascend, grow	saṃ ā √ruh
1800	√ruh	1	ascend, grow	saṃ √ruh
1801	√ruh	1	ascend, grow	ud √ruh
1802	√ruh	1	ascend, grow	vi ava √ruh
1803	√ruh	1	ascend, grow	vi √ruh
1804	√ruh	1	ascend, grow	ā √ruh
1805	√ruh	1	ascend, grow	√ruh
1806	√ruj	1	hurt, be painful	√ruj
1807	√rup	3	be broken apart, hurt	√rup
1808	√rus	1	be angry	pati √rus
1809	√rus	1	be angry	vi ā √rus
1810	√rus	1	be angry	√rus
1811	√rādh	3	hurt	apa √radh
1812	√rādh	3	succeed, please	abhi √rādh
1813	√rādh	3	succeed, please	apa √rādh
1814	√rādh	3	succeed, please	vi √rādh
1815	√rādh	3	succeed, please	ā √rādh
1816	√rāj	1	rule, shine	adhi √rāj
1817	√rāj	1	rule, shine	upa √rāj
1818	√rāj	1	rule, shine	vi √rāj
1819	√rāj	1	rule, shine	√rāj
1820	√rūp	8	form, produce	pati √rūp
1821	√rūp	8	form, produce	vi √rūp
1822	√rūp	8	form, produce	√rūp
1823	√sad	1	sink, sit, settle	abhi ni √sad
1824	√sad	1	sink, sit, settle	abhi pa √sad
1825	√sad	1	sink, sit, settle	apa √sad
1826	√sad	1	sink, sit, settle	ati ā √sad
1827	√sad	1	sink, sit, settle	ava √sad
1828	√sad	1	sink, sit, settle	ni √sad
1829	√sad	1	sink, sit, settle	pa ā √sad
1830	√sad	1	sink, sit, settle	pa √sad
1831	√sad	1	sink, sit, settle	pari √sad
1832	√sad	1	sink, sit, settle	saṃ ni √sad
1833	√sad	1	sink, sit, settle	saṃ pa √sad
1834	√sad	1	sink, sit, settle	saṃ √sad
1835	√sad	1	sink, sit, settle	ud √sad
1836	√sad	1	sink, sit, settle	upa ni √sad
1837	√sad	1	sink, sit, settle	vi pa √sad
1838	√sad	1	sink, sit, settle	vi √sad
1839	√sad	1	sink, sit, settle	ā ni √sad
1840	√sad	1	sink, sit, settle	ā √sad
1841	√sad	1	sink, sit, settle	√sad
1842	√sadd	8	sound	√sadd
1843	√sah	1	be able	ud √sah
1844	√sah	1	be able	vi √sah
1845	√sah	1	be able	√sah
1846	√sah	1	overcome, prevail	abhi ud √sah
1847	√sah	1	overcome, prevail	pa √sah
1848	√sah	1	overcome, prevail	pari √sah
1849	√sah	1	overcome, prevail	saṃ ud √sah
1850	√sah	1	overcome, prevail	ud √sah
1851	√sah	1	overcome, prevail	vi √sah
1852	√sah	1	overcome, prevail	√sah
1853	√saj	1	embrace	pari √saj
1854	√saj	1	embrace	√saj
1855	√saj	1	relinquish, let loose	ava √saj
1856	√saj	1	relinquish, let loose	ni ā √saj
1857	√saj	1	relinquish, let loose	nī √saj
1858	√saj	1	relinquish, let loose	saṃ √saj
1859	√saj	1	relinquish, let loose	vi ava √saj
1860	√saj	1	relinquish, let loose	√saj
1861	√saj	3	stick, cling	abhi √saj
1862	√saj	3	stick, cling	ava √saj
1863	√saj	3	stick, cling	saṃ √saj
1864	√saj	3	stick, cling	vi ā √saj
1865	√saj	3	stick, cling	vi √saj
1866	√saj	3	stick, cling	ā √saj
1867	√saj	3	stick, cling	√saj
1868	√sajj	1	relinquish, let loose	abhi √sajj
1869	√sajj	1	relinquish, let loose	ava √sajj
1870	√sajj	1	relinquish, let loose	nī √sajj
1871	√sajj	1	relinquish, let loose	pati nī √sajj
1872	√sajj	1	relinquish, let loose	ud √sajj
1873	√sajj	1	relinquish, let loose	upa √sajj
1874	√sajj	1	relinquish, let loose	vi ava √sajj
1875	√sajj	1	relinquish, let loose	vi √sajj
1876	√sajj	8	prepare, decorate	√sajj
1877	√sak	4	be able, powerful	√sak
1878	√sakk	1	move	abhi ud √sakk
1879	√sakk	1	move	anu pari √sakk
1880	√sakk	1	move	anu √sakk
1881	√sakk	1	move	apa √sakk
1882	√sakk	1	move	ava √sakk
1883	√sakk	1	move	nī √sakk
1884	√sakk	1	move	pari √sakk
1885	√sakk	1	move	pati ava √sakk
1886	√sakk	1	move	√sakk
1887	√sam	3	be calm, tired	abhi √sam
1888	√sam	3	be calm, tired	ni √sam
1889	√sam	3	be calm, tired	pati √sam
1890	√sam	3	be calm, tired	saṃ √sam
1891	√sam	3	be calm, tired	upa √sam
1892	√sam	3	be calm, tired	vi upa √sam
1893	√sam	3	be calm, tired	vi √sam
1894	√sam	3	be calm, tired	ā √sam
1895	√sam	3	be calm, tired	√sam
1896	√sam	3	exert, strive	vi √sam
1897	√sam	3	exert, strive	√sam
1898	√sambh	1	be calm, confident	pa √sambh
1899	√sambh	1	be calm, confident	pati pa √sambh
1900	√sambh	4	reach, attain	abhi √sambh
1901	√san	1	like, love	√san
1902	√sand	1	flow	abhi √sand
1903	√sand	1	flow	anu √sand
1904	√sand	1	flow	nī √sand
1905	√sand	1	flow	pari √sand
1906	√sand	1	flow	saṃ √sand
1907	√sand	1	flow	vi √sand
1908	√sand	1	flow	ā √sand
1909	√sand	1	flow	√sand
1910	√sap	1	curse	abhi √sap
1911	√sap	1	curse	ā √sap
1912	√sap	1	curse	√sap
1913	√sapp	1	crawl	pari √sapp
1914	√sapp	1	crawl	saṃ √sapp
1915	√sapp	1	crawl	vi √sapp
1916	√sapp	1	crawl	ā √sapp
1917	√sapp	1	crawl	√sapp
1918	√sar	1	go, flow	abhi nī √sar
1919	√sar	1	go, flow	abhi pa √sar
1920	√sar	1	go, flow	abhi √sar
1921	√sar	1	go, flow	anu √sar
1922	√sar	1	go, flow	ati √sar
1923	√sar	1	go, flow	ava √sar
1924	√sar	1	go, flow	nī √sar
1925	√sar	1	go, flow	pa √sar
1926	√sar	1	go, flow	pati ā √sar
1927	√sar	1	go, flow	pati √sar
1928	√sar	1	go, flow	saṃ ava √sar
1929	√sar	1	go, flow	saṃ pa √sar
1930	√sar	1	go, flow	saṃ √sar
1931	√sar	1	go, flow	ud √sar
1932	√sar	1	go, flow	vi ati √sar
1933	√sar	1	go, flow	vi √sar
1934	√sar	1	go, flow	ā √sar
1935	√sar	1	go, flow	√sar
1936	√sar	1	hurt, injure	√sar
1937	√sar	1	make sound	√sar
1938	√sar	1	remember	anu √sar
1939	√sar	1	remember	apa √sar
1940	√sar	1	remember	pati √sar
1941	√sar	1	remember	saṃ anu √sar
1942	√sar	1	remember	vi pati √sar
1943	√sar	1	remember	vi √sar
1944	√sar	1	remember	√sar
1945	√sar	1	shine	√sar
1946	√sas	1	breath	pa √sas
1947	√sas	1	breath	saṃ vi √sas
1948	√sas	1	breath	saṃ ā √sas
1949	√sas	1	breath	vi √sas
1950	√sas	1	breath	ā √sas
1951	√sas	1	breath	√sas
1952	√sas	1	slaughter	√sas
1953	√sañj	1	clasp, embrace	abhi √sañj
1954	√sañj	1	clasp, embrace	pa √sañj
1955	√sañj	1	clasp, embrace	ud √sañj
1956	√sañj	1	clasp, embrace	ā √sañj
1957	√sañj	1	clasp, embrace	√sañj
1958	√saṃk	1	doubt	pari √saṃk
1959	√saṃk	1	doubt	pati √saṃk
1960	√saṃk	1	doubt	ud √saṃk
1961	√saṃk	1	doubt	ā √saṃk
1962	√saṃk	1	doubt	√saṃk
1963	√saṃs	1	proclaim, praise	pa √saṃs
1964	√saṃs	1	proclaim, praise	ā ni √saṃs
1965	√saṃs	1	proclaim, praise	√saṃs
1966	√saṃs	1	wish, desire	ā √saṃs
1967	√saṇ	1	make sound	√saṇ
1968	√saṭh	1	deceive	√saṭh
1969	√sev	1	serve, associate	ni √sev
1970	√sev	1	serve, associate	pati √sev
1971	√sev	1	serve, associate	saṃ √sev
1972	√sev	1	serve, associate	upa ni √sev
1973	√sev	1	serve, associate	upa √sev
1974	√sev	1	serve, associate	ā √sev
1975	√sev	1	serve, associate	√sev
1976	√si	1	depend on, associate with	apa √si
1977	√si	1	depend on, associate with	ava √si
1978	√si	1	depend on, associate with	ni √si
1979	√si	1	depend on, associate with	saṃ ni √si
1980	√si	1	depend on, associate with	saṃ ud √si
1981	√si	1	depend on, associate with	ud √si
1982	√si	1	depend on, associate with	upa ni √si
1983	√si	1	depend on, associate with	upa √si
1984	√si	1	depend on, associate with	√si
1985	√si	1	smile	√si
1986	√si	4	sharpen	ni √si
1987	√si	5	bind	pa √si
1988	√si	5	bind	ud √si
1989	√si	5	bind	vi √si
1990	√si	5	bind	√si
1991	√sic	2	sprinkle, pour	abhi √sic
1992	√sic	2	sprinkle, pour	ava √sic
1993	√sic	2	sprinkle, pour	pari √sic
1994	√sic	2	sprinkle, pour	ud √sic
1995	√sic	2	sprinkle, pour	upa √sic
1996	√sic	2	sprinkle, pour	vi ā √sic
1997	√sic	2	sprinkle, pour	ā √sic
1998	√sic	2	sprinkle, pour	√sic
1999	√sid	1	be cool	√sid
2000	√sid	3	sweat, steam	pari √sid
2001	√sid	3	sweat, steam	√sid
2002	√sidh	1	prevent, prohibit	ni √sidh
2003	√sidh	1	prevent, prohibit	pati √sidh
2004	√sidh	3	be accomplished	√sidh
2005	√sikkh	1	learn, train	anu √sikkh
2006	√sikkh	1	learn, train	√sikkh
2007	√silis	3	embrace, cling	upa √silis
2008	√silis	3	embrace, cling	√silis
2009	√silok	1	be famous	√silok
2010	√sinā	1	bathe	√sinā
2011	√sis	8	remain, distinguish	ava √sis
2012	√sis	8	remain, distinguish	pari √sis
2013	√sis	8	remain, distinguish	vi √sis
2014	√sis	8	remain, distinguish	√sis
2015	√sit	1	be white	√sit
2016	√siv	3	sew	pa √siv
2017	√siv	3	sew	saṃ √siv
2018	√siv	3	sew	vi √siv
2019	√siv	3	sew	√siv
2020	√siv	3	warm	vi √siv
2021	√siṃs	1	hope, wish	pati ā √siṃs
2022	√siṃs	1	hope, wish	ā √siṃs
2023	√siṅgh	1	sniff, smell	upa √siṅgh
2024	√siṅgh	1	sniff, smell	√siṅgh
2025	√snih	3	love, be moist	√snih
2026	√su	1	extract, distil	√su
2027	√su	1	flow	abhi √su
2028	√su	1	flow	anu ā √su
2029	√su	1	flow	anu √su
2030	√su	1	flow	ava √su
2031	√su	1	flow	nī √su
2032	√su	1	flow	pa √su
2033	√su	1	flow	pari √su
2034	√su	1	flow	ā √su
2035	√su	1	flow	√su
2036	√su	1	generate, beget	√su
2037	√su	4	hear	anu √su
2038	√su	4	hear	pati √su
2039	√su	4	hear	upa √su
2040	√su	4	hear	ā √su
2041	√su	4	hear	√su
2042	√subh	1	shine, adorn	saṃ upa √subh
2043	√subh	1	shine, adorn	upa √subh
2044	√subh	1	shine, adorn	√subh
2045	√suc	1	be pure, bright	vi √suc
2046	√suc	1	be pure, bright	√suc
2047	√suc	1	grieve	anu √suc
2048	√suc	1	grieve	pari √suc
2049	√suc	1	grieve	vi √suc
2050	√suc	1	grieve	√suc
2051	√sudh	3	be pure	pari √sudh
2052	√sudh	3	be pure	saṃ √sudh
2053	√sudh	3	be pure	vi √sudh
2054	√sudh	3	be pure	√sudh
2055	√sukh	1	please, be comfortable	√sukh
2056	√sumbh	1	throw, strike	upa √sumbh
2057	√sumbh	1	throw, strike	ā √sumbh
2058	√sup	1	lie down, sleep	√sup
2059	√sur	1	shine, be supreme	pati √sur
2060	√sur	1	shine, be supreme	ud √sur
2061	√sur	1	shine, be supreme	√sur
2062	√sus	3	dry, wither	ava √sus
2063	√sus	3	dry, wither	pari √sus
2064	√sus	3	dry, wither	ud √sus
2065	√sus	3	dry, wither	upa √sus
2066	√sus	3	dry, wither	vi √sus
2067	√sus	3	dry, wither	√sus
2068	√sā	1	complete, accomplish	adhi ava √sā
2069	√sā	1	complete, accomplish	ava √sā
2070	√sā	1	complete, accomplish	pari ava √sā
2071	√sā	1	complete, accomplish	vi ava √sā
2072	√sā	1	complete, accomplish	√sā
2073	√sād	1	taste, relish	ā √sād
2074	√sād	1	taste, relish	√sād
2075	√sādh	3	accomplish	pa √sādh
2076	√sādh	3	accomplish	√sādh
2077	√sās	1	teach, instruct	anu √sās
2078	√sās	1	teach, instruct	pa √sās
2079	√sās	1	teach, instruct	saṃ anu √sās
2080	√sās	1	teach, instruct	vi ava √sās
2081	√sās	1	teach, instruct	√sās
2082	√sāy	1	taste	pati √sāy
2083	√sāy	1	taste	√sāy
2084	√sī	1	lie, sleep	adhi ā √si
2085	√sī	1	lie, sleep	adhi √sī
2086	√sī	1	lie, sleep	anu √sī
2087	√sī	1	lie, sleep	saṃ anu √sī
2088	√sī	1	lie, sleep	saṃ √sī
2089	√sī	1	lie, sleep	upa √sī
2090	√sī	1	lie, sleep	vi √sī
2091	√sī	1	lie, sleep	ā √sī
2092	√sī	1	lie, sleep	√sī
2093	√sīl	1	conduct oneself	adhi √sīl
2094	√sīl	1	conduct oneself	√sīl
2095	√tacch	1	cut, chop	vi pa √tacch
2096	√tacch	1	cut, chop	vi √tacch
2097	√tacch	1	cut, chop	√tacch
2098	√tajj	8	frighten, threaten	saṃ √tajj
2099	√tajj	8	frighten, threaten	√tajj
2100	√takk	8	think	anu vi √takk
2101	√takk	8	think	pa vi √takk
2102	√takk	8	think	pari vi √takk
2103	√takk	8	think	vi √takk
2104	√takk	8	think	√takk
2105	√tal	8	support, rest on	√tal
2106	√tan	7	stretch, extend	saṃ ava √tan
2107	√tan	7	stretch, extend	saṃ √tan
2108	√tan	7	stretch, extend	ud √tan
2109	√tan	7	stretch, extend	vi √tan
2110	√tan	7	stretch, extend	ā √tan
2111	√tan	7	stretch, extend	√tan
2112	√tand	1	be slow, lazy	√tand
2113	√tap	1	be majestic, glorious	pa √tap
2114	√tap	1	burn, radiate heat	abhi saṃ √tap
2115	√tap	1	burn, radiate heat	abhi √tap
2116	√tap	1	burn, radiate heat	ava √tap
2117	√tap	1	burn, radiate heat	pa √tap
2118	√tap	1	burn, radiate heat	pari √tap
2119	√tap	1	burn, radiate heat	saṃ pari √tap
2120	√tap	1	burn, radiate heat	saṃ √tap
2121	√tap	1	burn, radiate heat	ud √tap
2122	√tap	1	burn, radiate heat	upa √tap
2123	√tap	1	burn, radiate heat	ā √tap
2124	√tap	1	burn, radiate heat	√tap
2125	√tapp	1	regret	anu √tapp
2126	√tapp	1	regret	pari √tapp
2127	√tapp	1	regret	saṃ √tapp
2128	√tapp	1	regret	ud √tapp
2129	√tapp	1	regret	upa √tapp
2130	√tapp	1	regret	√tapp
2131	√tapp	8	satisfy	saṃ √tapp
2132	√tapp	8	satisfy	√tapp
2133	√tar	1	cross	abhi vi √tar
2134	√tar	1	cross	ati √tar
2135	√tar	1	cross	ava √tar
2136	√tar	1	cross	nī √tar
2137	√tar	1	cross	pa √tar
2138	√tar	1	cross	pati ud √tar
2139	√tar	1	cross	saṃ ava √tar
2140	√tar	1	cross	saṃ ud √tar
2141	√tar	1	cross	saṃ √tar
2142	√tar	1	cross	ud √tar
2143	√tar	1	cross	vi √tar
2144	√tar	1	cross	√tar
2145	√tar	1	hurry	abhi √tar
2146	√tar	1	hurry	saṃ √tar
2147	√tar	1	hurry	√tar
2148	√tas	1	tremble, fear	pari √tas
2149	√tas	1	tremble, fear	saṃ √tas
2150	√tas	1	tremble, fear	ud √tas
2151	√tas	1	tremble, fear	√tas
2152	√tas	3	be agitated	pari √tas
2153	√tas	6	thirst	√tas
2154	√taḷ	8	beat	abhi √taḷ
2155	√taḷ	8	beat	√taḷ
2156	√thal	1	be firm	√thal
2157	√thambh	1	support, be stiff	pa √thambh
2158	√thambh	1	support, be stiff	saṃ √thambh
2159	√thambh	1	support, be stiff	upa √thambh
2160	√thambh	1	support, be stiff	vi √thambh
2161	√thambh	1	support, be stiff	√thambh
2162	√than	8	thunder, roar	abhi √than
2163	√than	8	thunder, roar	√than
2164	√thar	1	spread, expand	adhi ava √thar
2165	√thar	1	spread, expand	ava √thar
2166	√thar	1	spread, expand	pa √thar
2167	√thar	1	spread, expand	pati ava √thar
2168	√thar	1	spread, expand	pati saṃ √thar
2169	√thar	1	spread, expand	pati ā √thar
2170	√thar	1	spread, expand	saṃ √thar
2171	√thar	1	spread, expand	vi √thar
2172	√thar	1	spread, expand	ā √thar
2173	√then	8	steal	√then
2174	√thom	8	praise	√thom
2175	√thu	1	be familiar, praise	abhi √thu
2176	√thu	1	be familiar, praise	saṃ √thu
2177	√thu	1	be familiar, praise	√thu
2178	√thu	5	moan, groan	anu √thu
2179	√thu	5	moan, groan	ni √thu
2180	√thu	5	moan, groan	√thu
2181	√thu	5	praise	abhi √thu
2182	√thu	5	praise	anu √thu
2183	√thu	5	praise	√thu
2184	√thī	1	be dense, compact	pati √thī
2185	√thī	1	be dense, compact	vi √thī
2186	√thī	1	be dense, compact	√thī
2187	√thūl	8	be fat, coarse	ni √thūl
2188	√thūl	8	be fat, coarse	√thūl
2189	√tij	1	be sharp, bitter	√tij
2190	√tij	1	endure	√tij
2191	√tij	8	be sharp, hot	saṃ ud √tij
2192	√tij	8	be sharp, hot	√tij
2193	√tim	3	be wet	√tim
2194	√tir	1	cross	pa √tir
2195	√tir	1	cross	√tir
2196	√tis	1	satisfy	√tis
2197	√tras	1	fear, shake	ud √tras
2198	√tud	1	prick, stab	abhi √tud
2199	√tud	1	prick, stab	pa √tud
2200	√tud	1	prick, stab	saṃ ni √tud
2201	√tud	1	prick, stab	vi √tud
2202	√tud	1	prick, stab	√tud
2203	√tul	8	weigh	pari √tul
2204	√tul	8	weigh	√tul
2205	√tur	1	hurry, be quick	√tur
2206	√tur	1	hurt, be sick	ā √tur
2207	√tus	3	be content, pleased	abhi √tus
2208	√tus	3	be content, pleased	pari √tus
2209	√tus	3	be content, pleased	saṃ √tus
2210	√tus	3	be content, pleased	√tus
2211	√tuḍ	1	prick, stab	√tuḍ
2212	√tā	3	protect, preserve	pari √tā
2213	√tā	3	protect, preserve	√tā
2214	√tīr	8	complete, finish	saṃ √tīr
2215	√tīr	8	complete, finish	√tīr
2216	√tūl	1	be light	√tūl
2217	√uc	3	comfort	√uc
2218	√ud	2	be wet	saṃ √ud
2219	√ud	2	be wet	√ud
2220	√uj	1	be straight	ud √uj
2221	√uj	1	be straight	ā √uj
2222	√uj	1	be straight	√uj
2223	√ujjh	1	leave, discard	√ujjh
2224	√us	6	be hot	ati √us
2225	√us	6	be hot	√us
2226	√usūy	1	be irritated, jealous	√usūy
2227	√uñch	1	glean	saṃ √uñch
2228	√uñch	1	glean	√uñch
2229	√vac	1	say, speak	adhi √vac
2230	√vac	1	say, speak	ati √vac
2231	√vac	1	say, speak	nī √vac
2232	√vac	1	say, speak	pa √vac
2233	√vac	1	say, speak	pati √vac
2234	√vac	1	say, speak	upa √vac
2235	√vac	1	say, speak	vi √vac
2236	√vac	1	say, speak	√vac
2237	√vad	1	say, speak	abhi √vad
2238	√vad	1	say, speak	anu √vad
2239	√vad	1	say, speak	apa √vad
2240	√vad	1	say, speak	ava √vad
2241	√vad	1	say, speak	pa √vad
2242	√vad	1	say, speak	pati √vad
2243	√vad	1	say, speak	saṃ √vad
2244	√vad	1	say, speak	upa √vad
2245	√vad	1	say, speak	vi saṃ √vad
2246	√vad	1	say, speak	vi √vad
2247	√vad	1	say, speak	√vad
2248	√vad	8	salute, praise	abhi √vad
2249	√vad	8	salute, praise	ava √vad
2250	√vad	8	salute, praise	vi saṃ √vad
2251	√vaddh	1	grow, increase	abhi √vaddh
2252	√vaddh	1	grow, increase	saṃ √vaddh
2253	√vaddh	1	grow, increase	√vaddh
2254	√vadh	8	hurt, slaughter	ud √vadh
2255	√vadh	8	hurt, slaughter	√vadh
2256	√vagg	1	dance, jump	√vagg
2257	√vah	1	carry, bring	adhi √vah
2258	√vah	1	carry, bring	apa √vah
2259	√vah	1	carry, bring	ati √vah
2260	√vah	1	carry, bring	nī √vah
2261	√vah	1	carry, bring	pa √vah
2262	√vah	1	carry, bring	pari saṃ √vah
2263	√vah	1	carry, bring	pati √vah
2264	√vah	1	carry, bring	saṃ ud √vah
2265	√vah	1	carry, bring	saṃ ā √vah
2266	√vah	1	carry, bring	ud √vah
2267	√vah	1	carry, bring	vi √vah
2268	√vah	1	carry, bring	ā √vah
2269	√vah	1	carry, bring	√vah
2270	√vaj	1	go on	anu pa √vaj
2271	√vaj	1	go on	pa √vaj
2272	√vaj	1	go on	pari √vaj
2273	√vaj	1	go on	ud pa √vaj
2274	√vaj	1	go on	upa √vaj
2275	√vaj	1	go on	√vaj
2276	√vajj	8	turn, avoid	abhi ni √vajj
2277	√vajj	8	turn, avoid	nī √vajj
2278	√vajj	8	turn, avoid	pari √vajj
2279	√vajj	8	turn, avoid	vi √vajj
2280	√vajj	8	turn, avoid	ā √vajj
2281	√vajj	8	turn, avoid	√vajj
2282	√vakk	1	be bent, crooked	√vakk
2283	√vall	1	turn	ā √val
2284	√vall	1	turn	√val
2285	√vam	1	eject, vomit	ava √vam
2286	√vam	1	eject, vomit	ā √vam
2287	√vam	1	eject, vomit	√vam
2288	√vambh	8	despise	√vambh
2289	√van	7	like, desire	√van
2290	√vand	1	bow, honour	abhi √vand
2291	√vand	1	bow, honour	√vand
2292	√vap	1	sow, shave	ni √vap
2293	√vap	1	sow, shave	pa √vap
2294	√vap	1	sow, shave	ud √vap
2295	√vap	1	sow, shave	√vap
2296	√var	1	cover, dress, restrain	adhi ā √var
2297	√var	1	cover, dress, restrain	apa ā √var
2298	√var	1	cover, dress, restrain	ava ā √var
2299	√var	1	cover, dress, restrain	ava √var
2300	√var	1	cover, dress, restrain	ni √var
2301	√var	1	cover, dress, restrain	pa ā √var
2302	√var	1	cover, dress, restrain	pari saṃ √var
2303	√var	1	cover, dress, restrain	pari √var
2304	√var	1	cover, dress, restrain	saṃ pa ā √var
2305	√var	1	cover, dress, restrain	saṃ √var
2306	√var	1	cover, dress, restrain	vi √var
2307	√var	1	cover, dress, restrain	ā √var
2308	√var	1	cover, dress, restrain	√var
2309	√var	8	block, obstruct	apa √var
2310	√var	8	block, obstruct	ava √var
2311	√var	8	block, obstruct	nī √var
2312	√var	8	block, obstruct	pari √var
2313	√var	8	block, obstruct	saṃ ni √var
2314	√var	8	block, obstruct	ā √var
2315	√var	8	block, obstruct	√var
2316	√var	8	wish, choose	pa √var
2317	√var	8	wish, choose	saṃ pa √var
2318	√var	8	wish, choose	√var
2319	√vas	1	live	adhi ā √vas
2320	√vas	1	live	adhi √vas
2321	√vas	1	live	anu √vas
2322	√vas	1	live	ni √vas
2323	√vas	1	live	pa √vas
2324	√vas	1	live	pari √vas
2325	√vas	1	live	pati √vas
2326	√vas	1	live	saṃ ni √vas
2327	√vas	1	live	saṃ ā √vas
2328	√vas	1	live	saṃ √vas
2329	√vas	1	live	upa √vas
2330	√vas	1	live	vi pa √vas
2331	√vas	1	live	ā √vas
2332	√vas	1	live	√vas
2333	√vas	1	shine, lubricate	√vas
2334	√vas	1	want, control	√vas
2335	√vas	8	wear, dress	anu √vas
2336	√vas	8	wear, dress	ni √vas
2337	√vas	8	wear, dress	√vas
2338	√vass	1	howl, roar, bark	√vass
2339	√vass	1	rain	abhi pa √vass
2340	√vass	1	rain	abhi √vass
2341	√vass	1	rain	ati √vass
2342	√vass	1	rain	ava √vass
2343	√vass	1	rain	pa √vass
2344	√vass	1	rain	√vass
2345	√vat	1	be, proceed	√vat
2346	√vatt	1	be, proceed	abhi ni √vatt
2347	√vatt	1	be, proceed	abhi nī √vatt
2348	√vatt	1	be, proceed	adhi √vatt
2349	√vatt	1	be, proceed	anu pa √vatt
2350	√vatt	1	be, proceed	anu pari √vatt
2351	√vatt	1	be, proceed	anu √vatt
2352	√vatt	1	be, proceed	ati √vatt
2353	√vatt	1	be, proceed	ni √vatt
2354	√vatt	1	be, proceed	nī √vatt
2355	√vatt	1	be, proceed	pa √vatt
2356	√vatt	1	be, proceed	pari √vatt
2357	√vatt	1	be, proceed	pati ni √vatt
2358	√vatt	1	be, proceed	pati ud ā √vatt
2359	√vatt	1	be, proceed	pati √vatt
2360	√vatt	1	be, proceed	saṃ ati √vatt
2361	√vatt	1	be, proceed	saṃ pa √vatt
2362	√vatt	1	be, proceed	saṃ pari √vatt
2363	√vatt	1	be, proceed	saṃ √vatt
2364	√vatt	1	be, proceed	ud √vatt
2365	√vatt	1	be, proceed	upa ati √vatt
2366	√vatt	1	be, proceed	upa ni √vatt
2367	√vatt	1	be, proceed	upa √vatt
2368	√vatt	1	be, proceed	vi ati √vatt
2369	√vatt	1	be, proceed	vi pari √vatt
2370	√vatt	1	be, proceed	vi parā √vatt
2371	√vatt	1	be, proceed	vi √vatt
2372	√vatt	1	be, proceed	√vatt
2373	√vañc	1	go around	saṃ pa √vañc
2374	√vañc	8	be bent, deceive	√vañc
2375	√vaḍḍh	1	grow, increase	abhi √vaḍḍh
2376	√vaḍḍh	1	grow, increase	anu √vaḍḍh
2377	√vaḍḍh	1	grow, increase	pa √vaḍḍh
2378	√vaḍḍh	1	grow, increase	saṃ √vaḍḍh
2379	√vaḍḍh	1	grow, increase	√vaḍḍh
2380	√vaḷañj	1	use	√vaḷañj
2381	√vaṇ	8	injure, wound	√vaṇ
2382	√vaṇṇ	8	praise	abhi √vaṇṇ
2383	√vaṇṇ	8	praise	pari √vaṇṇ
2384	√vaṇṇ	8	praise	saṃ √vaṇṇ
2385	√vaṇṇ	8	praise	vi √vaṇṇ
2386	√vaṇṇ	8	praise	√vaṇṇ
2387	√vaṭ	8	divide	√vaṭ
2388	√vaṭṭ	1	turn	anu √vaṭṭ
2389	√vaṭṭ	1	turn	ava √vaṭṭ
2390	√vaṭṭ	1	turn	ni √vaṭṭ
2391	√vaṭṭ	1	turn	pa ā √vaṭṭ
2392	√vaṭṭ	1	turn	pari √vaṭṭ
2393	√vaṭṭ	1	turn	pati √vaṭṭ
2394	√vaṭṭ	1	turn	saṃ pari √vaṭṭ
2395	√vaṭṭ	1	turn	saṃ √vaṭṭ
2396	√vaṭṭ	1	turn	ud √vaṭṭ
2397	√vaṭṭ	1	turn	vi ni √vaṭṭ
2398	√vaṭṭ	1	turn	vi √vaṭṭ
2399	√vaṭṭ	1	turn	ā √vaṭṭ
2400	√vaṭṭ	1	turn	√vaṭṭ
2401	√ve	1	weave	pa √ve
2402	√ve	1	weave	ā √ve
2403	√ve	1	weave	√ve
2404	√vedh	1	fear, shake	pa √vedh
2405	√vedh	1	fear, shake	saṃ pa √vedh
2406	√vedh	1	fear, shake	√vedh
2407	√vel	1	shake, sway	pa √vel
2408	√vel	1	shake, sway	ā √vel
2409	√vel	1	shake, sway	√vel
2410	√veṭh	8	wind, twist	nī √veṭh
2411	√veṭh	8	wind, twist	pari √veṭh
2412	√veṭh	8	wind, twist	saṃ pari √veṭh
2413	√veṭh	8	wind, twist	saṃ √veṭh
2414	√veṭh	8	wind, twist	vi ni √veṭh
2415	√veṭh	8	wind, twist	ā √veṭh
2416	√veṭh	8	wind, twist	√veṭh
2417	√vhe	1	call, name	upa √vhe
2418	√vhe	1	call, name	ā √vhe
2419	√vi	5	weave	√vi
2420	√vic	1	separate	pa vi √vic
2421	√vic	1	separate	vi √vic
2422	√vid	1	know	ni √vid
2423	√vid	1	know	pa √vid
2424	√vid	1	know	pati √vid
2425	√vid	1	know	saṃ √vid
2426	√vid	1	know	√vid
2427	√vid	2	feel, like	abhi nī √vid
2428	√vid	2	feel, like	nī √vid
2429	√vid	2	feel, like	√vid
2430	√vid	2	get, find	anu √vid
2431	√vid	2	get, find	saṃ √vid
2432	√vid	2	get, find	√vid
2433	√vid	3	be found, exist	saṃ √vid
2434	√vid	3	be found, exist	√vid
2435	√vid	3	know, understand	anu √vid
2436	√vid	3	know, understand	√vid
2437	√vid	8	know, sense, feel	pati saṃ √vid
2438	√vid	8	know, sense, feel	√vid
2439	√vidh	3	throw, pierce	anu √vidh
2440	√vidh	3	throw, pierce	apa √vidh
2441	√vidh	3	throw, pierce	ati √vidh
2442	√vidh	3	throw, pierce	nī √vidh
2443	√vidh	3	throw, pierce	pa √vidh
2444	√vidh	3	throw, pierce	pati √vidh
2445	√vidh	3	throw, pierce	saṃ ati √vidh
2446	√vidh	3	throw, pierce	vi ni √vidh
2447	√vidh	3	throw, pierce	ā √vidh
2448	√vidh	3	throw, pierce	√vidh
2449	√vij	3	shake, be afraid, be in awe	saṃ √vij
2450	√vij	3	shake, be afraid, be in awe	ud √vij
2451	√vij	3	shake, be afraid, be in awe	√vij
2452	√vis	1	be active, serve	ati √vis
2453	√vis	1	be active, serve	√vis
2454	√vis	1	enter	abhi ni √vis
2455	√vis	1	enter	anu pa √vis
2456	√vis	1	enter	anu ā √vis
2457	√vis	1	enter	ni √vis
2458	√vis	1	enter	nī √vis
2459	√vis	1	enter	pa √vis
2460	√vis	1	enter	pari √vis
2461	√vis	1	enter	saṃ ni √vis
2462	√vis	1	enter	saṃ √vis
2463	√vis	1	enter	upa √vis
2464	√vis	1	enter	vi ni √vis
2465	√vis	1	enter	ā √vis
2466	√vis	1	enter	√vis
2467	√vu	4	weave, cover	ā √vu
2468	√vyath	1	fear, shake	√vyath
2469	√vā	1	blow, emit odour	abhi nī √vā
2470	√vā	1	blow, emit odour	abhi √vā
2471	√vā	1	blow, emit odour	ni √vā
2472	√vā	1	blow, emit odour	nī √vā
2473	√vā	1	blow, emit odour	pa √vā
2474	√vā	1	blow, emit odour	pari nī √vā
2475	√vā	1	blow, emit odour	pati √vā
2476	√vā	1	blow, emit odour	upa √vā
2477	√vā	1	blow, emit odour	√vā
2478	√vās	8	perfume	anu √vās
2479	√vās	8	perfume	pari √vās
2480	√vās	8	perfume	upa √vās
2481	√vās	8	perfume	√vās
2482	√vī	1	go	√vī
2483	√vīj	1	fan	√vīj
2484	√vīr	8	be heroic, hostile	√vīr
2485	√yaj	1	honour, sacrifice	ā √yaj
2486	√yaj	1	honour, sacrifice	√yaj
2487	√yakkh	8	worship	√yakkh
2488	√yam	1	control, strive, end	ni √yam
2489	√yam	1	control, strive, end	saṃ √yam
2490	√yam	1	control, strive, end	ud √yam
2491	√yam	1	control, strive, end	vi ā √yam
2492	√yam	1	control, strive, end	ā √yam
2493	√yam	1	control, strive, end	√yam
2494	√yam	1	support, stretch	anu pa √yam
2495	√yam	1	support, stretch	ati ā √yam
2496	√yam	1	support, stretch	pa √yam
2497	√yam	1	support, stretch	vi √yam
2498	√yam	1	support, stretch	ā √yam
2499	√yam	1	support, stretch	√yam
2500	√yas	3	strive, struggle	adhi pa √yas
2501	√yas	3	strive, struggle	nī √yas
2502	√yas	3	strive, struggle	upa ā √yas
2503	√yas	3	strive, struggle	ā √yas
2504	√yat	1	stretch, strive	pa √yat
2505	√yat	1	stretch, strive	ā √yat
2506	√yat	1	stretch, strive	√yat
2507	√yat	8	arrange, hand over	nī √yat
2508	√yat	8	arrange, hand over	pati √yat
2509	√yat	8	arrange, hand over	saṃ nī √yat
2510	√yu	1	unite, fasten	ava √yu
2511	√yu	1	unite, fasten	pa √yu
2512	√yu	1	unite, fasten	saṃ √yu
2513	√yu	1	unite, fasten	√yu
2514	√yudh	3	fight	pari √yudh
2515	√yudh	3	fight	pati √yudh
2516	√yudh	3	fight	ud √yudh
2517	√yudh	3	fight	ā √yudh
2518	√yudh	3	fight	√yudh
2519	√yuj	2	yoke, join	abhi √yuj
2520	√yuj	2	yoke, join	anu √yuj
2521	√yuj	2	yoke, join	ni √yuj
2522	√yuj	2	yoke, join	pa √yuj
2523	√yuj	2	yoke, join	pati saṃ √yuj
2524	√yuj	2	yoke, join	saṃ anu √yuj
2525	√yuj	2	yoke, join	saṃ pa √yuj
2526	√yuj	2	yoke, join	saṃ √yuj
2527	√yuj	2	yoke, join	ud √yuj
2528	√yuj	2	yoke, join	upa √yuj
2529	√yuj	2	yoke, join	vi pa √yuj
2530	√yuj	2	yoke, join	vi saṃ √yuj
2531	√yuj	2	yoke, join	vi √yuj
2532	√yuj	2	yoke, join	ā √yuj
2533	√yuj	2	yoke, join	√yuj
2534	√yā	1	go	abhi ud √yā
2535	√yā	1	go	abhi √yā
2536	√yā	1	go	anu pari √yā
2537	√yā	1	go	anu saṃ √yā
2538	√yā	1	go	anu √yā
2539	√yā	1	go	ati √yā
2540	√yā	1	go	nī √yā
2541	√yā	1	go	pa √yā
2542	√yā	1	go	pari √yā
2543	√yā	1	go	pati ud √yā
2544	√yā	1	go	saṃ pa ā √yā
2545	√yā	1	go	saṃ pa √yā
2546	√yā	1	go	saṃ ā √yā
2547	√yā	1	go	ud √yā
2548	√yā	1	go	upa √yā
2549	√yā	1	go	ā √yā
2550	√yā	1	go	√yā
2551	√yāc	1	beg	abhi √yāc
2552	√yāc	1	beg	ati √yāc
2553	√yāc	1	beg	upa √yāc
2554	√yāc	1	beg	ā √yāc
2555	√yāc	1	beg	√yāc
2556	√yūh	1	carry, bring	apa vi √yūh
2557	√yūh	1	carry, bring	pari vi √yūh
2558	√yūh	1	carry, bring	saṃ upa vi √yūh
2559	√yūh	1	carry, bring	saṃ √yūh
2560	√yūh	1	carry, bring	ud √yūh
2561	√yūh	1	carry, bring	upa √yūh
2562	√yūh	1	carry, bring	vi √yūh
2563	√yūh	1	carry, bring	ā √yūh
2564	√ñā	5	know	abhi anu √ñā
2565	√ñā	5	know	abhi √ñā
2566	√ñā	5	know	anu √ñā
2567	√ñā	5	know	ava √ñā
2568	√ñā	5	know	pa √ñā
2569	√ñā	5	know	pari √ñā
2570	√ñā	5	know	pati √ñā
2571	√ñā	5	know	sam anu √ñā
2572	√ñā	5	know	saṃ anu √ñā
2573	√ñā	5	know	saṃ pa √ñā
2574	√ñā	5	know	saṃ ā √ñā
2575	√ñā	5	know	saṃ √ñā
2576	√ñā	5	know	upa √ñā
2577	√ñā	5	know	vi saṃ √ñā
2578	√ñā	5	know	vi √ñā
2579	√ñā	5	know	ā √ñā
2580	√ñā	5	know	√ñā
2581	√ādā	3	take, seize	apa √ādā
2582	√ādā	3	take, seize	pari √ādā
2583	√ādā	3	take, seize	saṃ √ādā
2584	√ādā	3	take, seize	upa √ādā
2585	√ādā	3	take, seize	√ādā
2586	√āgam	8	wait	√āgam
2587	√āp	4	be wet	√āp
2588	√ās	1	sit	pari upa √ās
2589	√ās	1	sit	saṃ √ās
2590	√ās	1	sit	upa √ās
2591	√ās	1	sit	√ās
2592	√īh	1	strive	√īh
2593	√īr	1	move, shake	saṃ √īr
2594	√īr	1	move, shake	√īr
2595	√īr	8	speak	saṃ ud √īr
2596	√īr	8	speak	saṃ √īr
2597	√īr	8	speak	ud √īr
2598	√īr	8	speak	√īr
2599	√īs	3	have power	√īs
2600	√ḍah	1	burn	anu √ḍah
2601	√ḍah	1	burn	ni √ḍah
2602	√ḍah	1	burn	pari √ḍah
2603	√ḍah	1	burn	ud √ḍah
2604	√ḍah	1	burn	upa √ḍah
2605	√ḍah	1	burn	√ḍah
2606	√ḍaṃs	1	bite, sting	saṃ √ḍaṃs
2607	√ḍaṃs	1	bite, sting	√ḍaṃs
2608	√ḍi	1	fly	ud √ḍi
2609	√ḍi	1	fly	√ḍi
2610	√ḍi	1	trap	ud √ḍi
2611	√ṭhā	1	stand	abhi ud √ṭhā
2612	√ṭhā	1	stand	abhi √ṭhā
2613	√ṭhā	1	stand	adhi √ṭhā
2614	√ṭhā	1	stand	anu √ṭhā
2615	√ṭhā	1	stand	ava √ṭhā
2616	√ṭhā	1	stand	ni √ṭhā
2617	√ṭhā	1	stand	pa √ṭhā
2618	√ṭhā	1	stand	pari saṃ √ṭhā
2619	√ṭhā	1	stand	pari ud √ṭhā
2620	√ṭhā	1	stand	pati u √ṭhā
2621	√ṭhā	1	stand	pati upa √ṭhā
2622	√ṭhā	1	stand	pati √ṭhā
2623	√ṭhā	1	stand	saṃ ni √ṭhā
2624	√ṭhā	1	stand	saṃ ud √ṭhā
2625	√ṭhā	1	stand	saṃ √ṭhā
2626	√ṭhā	1	stand	ud √ṭhā
2627	√ṭhā	1	stand	upa √ṭhā
2628	√ṭhā	1	stand	vi ava √ṭhā
2629	√ṭhā	1	stand	√ṭhā
